2026-03-15 11:33:10,900 [INFO] === SOLIDWORKS MCP Server starting ===
2026-03-15 11:33:10,900 [INFO] Log file: C:\Users\gce4\Documents\solidworks-mcp\solidworks_mcp.log
2026-03-15 11:33:10,905 [DEBUG] Initializing server 'solidworks-mcp'
2026-03-15 11:33:10,905 [DEBUG] Registering handler for ListToolsRequest
2026-03-15 11:33:10,906 [DEBUG] Registering handler for CallToolRequest
2026-03-15 11:33:10,906 [DEBUG] Registering handler for ListResourcesRequest
2026-03-15 11:33:10,907 [DEBUG] Registering handler for ReadResourceRequest
2026-03-15 11:33:10,907 [DEBUG] Registering handler for PromptListRequest
2026-03-15 11:33:10,908 [DEBUG] Registering handler for GetPromptRequest
2026-03-15 11:33:10,908 [DEBUG] Registering handler for ListResourceTemplatesRequest
2026-03-15 11:33:11,036 [DEBUG] PopupDismisser started.
2026-03-15 11:33:11,037 [INFO] Popup dismisser started.
2026-03-15 11:33:11,181 [INFO] Starting MCP server with stdio transport...
2026-03-15 11:33:11,189 [DEBUG] Using proactor: IocpProactor
2026-03-15 11:34:49,200 [DEBUG] Received message: 1 validation error for JSONRPCMessage
  Invalid JSON: expected value at line 1 column 1 [type=json_invalid, input_value='C:\\Users\\gce4\\AppData...32com; print(\'ok\')"\n', input_type=str]
    For further information visit https://errors.pydantic.dev/2.12/v/json_invalid
2026-03-15 11:34:49,201 [ERROR] Received exception from stream: 1 validation error for JSONRPCMessage
  Invalid JSON: expected value at line 1 column 1 [type=json_invalid, input_value='C:\\Users\\gce4\\AppData...32com; print(\'ok\')"\n', input_type=str]
    For further information visit https://errors.pydantic.dev/2.12/v/json_invalid
2026-03-15 12:51:08,408 [INFO] === SOLIDWORKS MCP Server starting ===
2026-03-15 12:51:08,408 [INFO] Log file: C:\Users\gce4\Documents\solidworks-mcp\solidworks_mcp.log
2026-03-15 12:51:08,412 [DEBUG] Initializing server 'solidworks-mcp'
2026-03-15 12:51:08,412 [DEBUG] Registering handler for ListToolsRequest
2026-03-15 12:51:08,413 [DEBUG] Registering handler for CallToolRequest
2026-03-15 12:51:08,413 [DEBUG] Registering handler for ListResourcesRequest
2026-03-15 12:51:08,414 [DEBUG] Registering handler for ReadResourceRequest
2026-03-15 12:51:08,414 [DEBUG] Registering handler for PromptListRequest
2026-03-15 12:51:08,414 [DEBUG] Registering handler for GetPromptRequest
2026-03-15 12:51:08,415 [DEBUG] Registering handler for ListResourceTemplatesRequest
2026-03-15 12:51:08,539 [DEBUG] PopupDismisser started.
2026-03-15 12:51:08,539 [INFO] Popup dismisser started.
2026-03-15 12:51:08,675 [INFO] Starting MCP server with stdio transport...
2026-03-15 12:51:08,687 [DEBUG] Using proactor: IocpProactor
2026-03-15 17:59:00,367 [INFO] === SOLIDWORKS MCP Server starting ===
2026-03-15 17:59:00,367 [INFO] Log file: C:\Users\gce4\Documents\solidworks-mcp\solidworks_mcp.log
2026-03-15 17:59:00,371 [DEBUG] Initializing server 'solidworks-mcp'
2026-03-15 17:59:00,371 [DEBUG] Registering handler for ListToolsRequest
2026-03-15 17:59:00,371 [DEBUG] Registering handler for CallToolRequest
2026-03-15 17:59:00,371 [DEBUG] Registering handler for ListResourcesRequest
2026-03-15 17:59:00,371 [DEBUG] Registering handler for ReadResourceRequest
2026-03-15 17:59:00,372 [DEBUG] Registering handler for PromptListRequest
2026-03-15 17:59:00,372 [DEBUG] Registering handler for GetPromptRequest
2026-03-15 17:59:00,372 [DEBUG] Registering handler for ListResourceTemplatesRequest
2026-03-15 17:59:00,425 [INFO] Auto-dismissed: title='SOLIDWORKS Error Report' class='#32770' btn='OK'
2026-03-15 17:59:00,507 [DEBUG] PopupDismisser started.
2026-03-15 17:59:00,510 [INFO] Popup dismisser started.
2026-03-15 17:59:00,840 [INFO] Starting MCP server with stdio transport...
2026-03-15 17:59:00,848 [DEBUG] Using proactor: IocpProactor
2026-03-15 17:59:00,863 [DEBUG] Received message: root=InitializedNotification(method='notifications/initialized', params=None, jsonrpc='2.0')
2026-03-15 17:59:00,865 [DEBUG] Received message: <mcp.shared.session.RequestResponder object at 0x000001D81DF2CE10>
2026-03-15 17:59:00,866 [INFO] Processing request of type ListToolsRequest
2026-03-15 17:59:00,866 [DEBUG] Dispatching request of type ListToolsRequest
2026-03-15 17:59:00,867 [DEBUG] Response sent
2026-03-15 17:59:00,868 [DEBUG] Received message: <mcp.shared.session.RequestResponder object at 0x000001D81DF2CF50>
2026-03-15 17:59:00,869 [INFO] Processing request of type ListPromptsRequest
2026-03-15 17:59:00,869 [DEBUG] Dispatching request of type ListPromptsRequest
2026-03-15 17:59:00,870 [DEBUG] Received message: <mcp.shared.session.RequestResponder object at 0x000001D81BE8D5B0>
2026-03-15 17:59:00,871 [INFO] Processing request of type ListResourcesRequest
2026-03-15 17:59:00,871 [DEBUG] Dispatching request of type ListResourcesRequest
2026-03-15 17:59:00,871 [DEBUG] Listing resources
2026-03-15 17:59:00,872 [DEBUG] Response sent
2026-03-15 17:59:00,874 [DEBUG] Response sent
2026-03-15 17:59:53,168 [INFO] Auto-dismissed: title='SOLIDWORKS' class='#32770' btn='OK'
2026-03-15 18:00:08,817 [DEBUG] Received message: <mcp.shared.session.RequestResponder object at 0x000001D81BE8DE00>
2026-03-15 18:00:08,817 [INFO] Processing request of type CallToolRequest
2026-03-15 18:00:08,818 [DEBUG] Dispatching request of type CallToolRequest
2026-03-15 18:00:08,818 [INFO] solidworks_running called
2026-03-15 18:00:08,892 [DEBUG] Response sent
2026-03-15 18:07:36,710 [DEBUG] Received message: <mcp.shared.session.RequestResponder object at 0x000001D81BEF1D90>
2026-03-15 18:07:36,711 [INFO] Processing request of type CallToolRequest
2026-03-15 18:07:36,711 [DEBUG] Dispatching request of type CallToolRequest
2026-03-15 18:07:36,711 [INFO] solidworks_running called
2026-03-15 18:07:36,746 [DEBUG] Response sent
2026-03-15 18:07:45,779 [DEBUG] Received message: <mcp.shared.session.RequestResponder object at 0x000001D81BED5D00>
2026-03-15 18:07:45,780 [INFO] Processing request of type CallToolRequest
2026-03-15 18:07:45,781 [DEBUG] Dispatching request of type CallToolRequest
2026-03-15 18:07:45,781 [INFO] grading_get_file_metadata called: C:\Users\gce4\Box\ES-19\CADFiles\Listed\0253.SLDPRT
2026-03-15 18:07:45,831 [DEBUG] GetActiveObject('SldWorks.Application') succeeded.
2026-03-15 18:07:45,836 [INFO] Connected to SolidWorks (attempt 1). ApplicationType=1 (Student Edition)
2026-03-15 18:07:53,776 [INFO] Auto-dismissed: title='SOLIDWORKS Design' class='#32770' btn='OK'
2026-03-15 18:07:55,644 [DEBUG] OpenDoc succeeded for 'C:\Users\gce4\Box\ES-19\CADFiles\Listed\0253.SLDPRT'
2026-03-15 18:07:55,644 [DEBUG] Opened 'C:\Users\gce4\Box\ES-19\CADFiles\Listed\0253.SLDPRT' (err=0)
2026-03-15 18:07:55,783 [DEBUG] CustomPropertyManager approach failed: 'NoneType' object is not callable
2026-03-15 18:07:55,796 [DEBUG] GetCustomInfoNames approach failed: 'tuple' object is not callable
2026-03-15 18:07:55,822 [DEBUG] IPartDoc approach failed: 'tuple' object is not callable
2026-03-15 18:07:56,201 [INFO] grading_get_file_metadata result: {'last_saved_by': None, 'author': 'gkermani', 'last_saved_date': '2024-12-11T13:12:49+00:00', 'custom_properties': {}, 'raw_identity_properties': {'Author': 'gkermani'}, 'error': None}
2026-03-15 18:07:56,201 [DEBUG] Response sent
2026-03-15 18:08:03,049 [DEBUG] Received message: <mcp.shared.session.RequestResponder object at 0x000001D81BED7570>
2026-03-15 18:08:03,050 [INFO] Processing request of type CallToolRequest
2026-03-15 18:08:03,050 [DEBUG] Dispatching request of type CallToolRequest
2026-03-15 18:08:03,051 [INFO] grading_get_mass_properties called: C:\Users\gce4\Box\ES-19\CADFiles\Listed\0253.SLDPRT
2026-03-15 18:08:05,968 [INFO] Auto-dismissed: title='SOLIDWORKS Design' class='#32770' btn='OK'
2026-03-15 18:08:07,266 [DEBUG] OpenDoc succeeded for 'C:\Users\gce4\Box\ES-19\CADFiles\Listed\0253.SLDPRT'
2026-03-15 18:08:07,266 [DEBUG] Opened 'C:\Users\gce4\Box\ES-19\CADFiles\Listed\0253.SLDPRT' (err=0)
2026-03-15 18:08:08,107 [INFO] grading_get_mass_properties result: {'mass': 0.15611526178343493, 'volume': 18366.50138628646, 'surface_area': 8818.414262189335, 'center_of_mass': {'x': -3.316207900187671, 'y': -2.7216471958744917, 'z': -18.101593821837696}, 'density': 8.5e-06, 'material_assigned': True, 'material_name': 'Brass', 'error': None}
2026-03-15 18:08:08,107 [DEBUG] Response sent
2026-03-15 18:08:11,291 [DEBUG] Received message: <mcp.shared.session.RequestResponder object at 0x000001D81BEAD750>
2026-03-15 18:08:11,292 [INFO] Processing request of type CallToolRequest
2026-03-15 18:08:11,292 [DEBUG] Dispatching request of type CallToolRequest
2026-03-15 18:08:11,293 [INFO] grading_check_sketch_status called: C:\Users\gce4\Box\ES-19\CADFiles\Listed\0253.SLDPRT
2026-03-15 18:08:14,602 [INFO] Auto-dismissed: title='SOLIDWORKS Design' class='#32770' btn='OK'
2026-03-15 18:08:16,019 [DEBUG] OpenDoc succeeded for 'C:\Users\gce4\Box\ES-19\CADFiles\Listed\0253.SLDPRT'
2026-03-15 18:08:16,019 [DEBUG] Opened 'C:\Users\gce4\Box\ES-19\CADFiles\Listed\0253.SLDPRT' (err=0)
2026-03-15 18:08:17,199 [DEBUG] 'Sketch6': d7_48=3 → FULLY_DEFINED
2026-03-15 18:08:17,354 [DEBUG] 'Sketch6<3>': d7_48=3 → FULLY_DEFINED
2026-03-15 18:08:17,884 [INFO] grading_check_sketch_status result: {'underdefined_count': 0, 'underdefined_sketch_names': [], 'all_sketches': [{'name': 'Sketch6', 'status': 'FULLY_DEFINED'}, {'name': 'Sketch6<3>', 'status': 'FULLY_DEFINED'}], 'method': 'dispid_probe', 'error': None}
2026-03-15 18:08:17,885 [DEBUG] Response sent
2026-03-15 18:08:21,770 [DEBUG] Received message: <mcp.shared.session.RequestResponder object at 0x000001D81BEAEC50>
2026-03-15 18:08:21,770 [INFO] Processing request of type CallToolRequest
2026-03-15 18:08:21,770 [DEBUG] Dispatching request of type CallToolRequest
2026-03-15 18:08:21,771 [INFO] grading_compare_shapes: C:\Users\gce4\Box\ES-19\CADFiles\Listed\0253.SLDPRT vs C:\Users\gce4\Box\ES-19\CADFiles\Listed\0253.SLDPRT
2026-03-15 18:08:25,153 [INFO] Auto-dismissed: title='SOLIDWORKS Design' class='#32770' btn='OK'
2026-03-15 18:08:26,634 [DEBUG] OpenDoc succeeded for 'C:\Users\gce4\Box\ES-19\CADFiles\Listed\0253.SLDPRT'
2026-03-15 18:08:26,634 [DEBUG] Opened 'C:\Users\gce4\Box\ES-19\CADFiles\Listed\0253.SLDPRT' (err=0)
2026-03-15 18:08:26,905 [INFO] Exported '0253.SLDPRT' → 'C:\Users\gce4\AppData\Local\Temp\tmp354c0tpa\student.stl' (274784 bytes)
2026-03-15 18:08:29,807 [INFO] Auto-dismissed: title='SOLIDWORKS Design' class='#32770' btn='OK'
2026-03-15 18:08:31,195 [DEBUG] OpenDoc succeeded for 'C:\Users\gce4\Box\ES-19\CADFiles\Listed\0253.SLDPRT'
2026-03-15 18:08:31,195 [DEBUG] Opened 'C:\Users\gce4\Box\ES-19\CADFiles\Listed\0253.SLDPRT' (err=0)
2026-03-15 18:08:31,417 [INFO] Exported '0253.SLDPRT' → 'C:\Users\gce4\AppData\Local\Temp\tmp354c0tpa\solution.stl' (274784 bytes)
2026-03-15 18:08:32,054 [DEBUG] searching for blender in: C:\windows\System32\WindowsPowerShell\v1.0\;c:\Program Files (x86)\Pulse Secure\VC142.CRT\X64\;c:\Program Files (x86)\Pulse Secure\VC142.CRT\X86\;C:\windows\System32\Wbem;C:\Users\gce4\AppData\Local\Programs\Python\Launcher\;C:\WINDOWS\System32\Wbem;C:\Users\gce4\AppData\Local\Programs\Python\Python314\;C:\Program Files (x86)\NVIDIA Corporation\PhysX\Common;c:\Program Files (x86)\Common Files\Pulse Secure\TNC Client Plugin\;C:\Program Files\PuTTY\;C:\Users\gce4\AppData\Local\Programs\Python\Python314;C:\windows;C:\windows\system32;C:\Users\gce4\AppData\Local\Programs\Python\Python314\Scripts\;C:\Users\gce4\AppData\Local\Microsoft\WindowsApps;C:\WINDOWS\System32\WindowsPowerShell\v1.0\;C:\windows\System32\OpenSSH\;C:\WINDOWS;C:\Program Files\Microsoft MPI\Bin\;C:\Program Files (x86)\Windows Kits\8.1\Windows Performance Toolkit\;C:\WINDOWS\system32;C:\WINDOWS\System32\OpenSSH\
2026-03-15 18:08:32,095 [DEBUG] falling back to hashlib hashing: `pip install xxhash`for 50x faster cache checks
2026-03-15 18:12:23,574 [DEBUG] `trimesh.load(force='mesh')` is a compatibility wrapper for `trimesh.load_mesh`
2026-03-15 18:12:23,585 [DEBUG] `trimesh.load(force='mesh')` is a compatibility wrapper for `trimesh.load_mesh`
2026-03-15 18:12:23,592 [DEBUG] creating mesh for Box primitive
2026-03-15 18:12:23,595 [DEBUG] creating mesh for Box primitive
2026-03-15 18:12:23,597 [DEBUG] 4 items cleared from cache: ['referenced_vertices', 'bounds', 'extents', 'bounding_box']
2026-03-15 18:12:23,597 [DEBUG] creating mesh for Box primitive
2026-03-15 18:12:23,598 [DEBUG] creating mesh for Box primitive
2026-03-15 18:12:25,526 [DEBUG] voxelize_subdivide executed in 1.9273 seconds.
2026-03-15 18:12:25,534 [DEBUG] fill_holes executed in 0.0070 seconds.
2026-03-15 18:12:27,597 [DEBUG] voxelize_subdivide executed in 2.0628 seconds.
2026-03-15 18:12:27,602 [DEBUG] fill_holes executed in 0.0048 seconds.
2026-03-15 18:12:27,604 [DEBUG] creating mesh for Box primitive
2026-03-15 18:12:29,601 [DEBUG] voxelize_subdivide executed in 1.9961 seconds.
2026-03-15 18:12:29,606 [DEBUG] fill_holes executed in 0.0049 seconds.
2026-03-15 18:12:31,665 [DEBUG] voxelize_subdivide executed in 2.0577 seconds.
2026-03-15 18:12:31,676 [DEBUG] fill_holes executed in 0.0106 seconds.
2026-03-15 18:12:31,678 [DEBUG] creating mesh for Box primitive
2026-03-15 18:12:33,594 [DEBUG] voxelize_subdivide executed in 1.9152 seconds.
2026-03-15 18:12:33,600 [DEBUG] fill_holes executed in 0.0051 seconds.
2026-03-15 18:12:35,578 [DEBUG] voxelize_subdivide executed in 1.9773 seconds.
2026-03-15 18:12:35,583 [DEBUG] fill_holes executed in 0.0045 seconds.
2026-03-15 18:12:35,585 [DEBUG] creating mesh for Box primitive
2026-03-15 18:12:41,103 [DEBUG] voxelize_subdivide executed in 5.5176 seconds.
2026-03-15 18:12:41,114 [DEBUG] fill_holes executed in 0.0111 seconds.
2026-03-15 18:12:46,430 [DEBUG] voxelize_subdivide executed in 5.3139 seconds.
2026-03-15 18:12:46,440 [DEBUG] fill_holes executed in 0.0095 seconds.
2026-03-15 18:12:46,445 [DEBUG] creating mesh for Box primitive
2026-03-15 18:12:51,802 [DEBUG] voxelize_subdivide executed in 5.3544 seconds.
2026-03-15 18:12:51,814 [DEBUG] fill_holes executed in 0.0112 seconds.
2026-03-15 18:12:58,086 [DEBUG] voxelize_subdivide executed in 6.2713 seconds.
2026-03-15 18:12:58,099 [DEBUG] fill_holes executed in 0.0119 seconds.
2026-03-15 18:12:58,103 [DEBUG] creating mesh for Box primitive
2026-03-15 18:13:02,161 [DEBUG] voxelize_subdivide executed in 4.0568 seconds.
2026-03-15 18:13:02,172 [DEBUG] fill_holes executed in 0.0096 seconds.
2026-03-15 18:13:06,993 [DEBUG] voxelize_subdivide executed in 4.8196 seconds.
2026-03-15 18:13:07,015 [DEBUG] fill_holes executed in 0.0178 seconds.
2026-03-15 18:13:07,020 [DEBUG] creating mesh for Box primitive
2026-03-15 18:13:10,941 [DEBUG] voxelize_subdivide executed in 3.9189 seconds.
2026-03-15 18:13:10,953 [DEBUG] fill_holes executed in 0.0115 seconds.
2026-03-15 18:13:15,003 [DEBUG] voxelize_subdivide executed in 4.0499 seconds.
2026-03-15 18:13:15,017 [DEBUG] fill_holes executed in 0.0127 seconds.
2026-03-15 18:13:15,022 [DEBUG] creating mesh for Box primitive
2026-03-15 18:13:20,533 [DEBUG] voxelize_subdivide executed in 5.5095 seconds.
2026-03-15 18:13:20,548 [DEBUG] fill_holes executed in 0.0141 seconds.
2026-03-15 18:13:41,486 [DEBUG] voxelize_subdivide executed in 20.9370 seconds.
2026-03-15 18:13:41,499 [DEBUG] fill_holes executed in 0.0121 seconds.
2026-03-15 18:13:41,505 [INFO] grading_compare_shapes result: {'score': 1.0, 'method': 'normalized_pca_iou', 'details': 'excellent match | IoU=1.000, volume_ratio=1.000 | mode=form-only (scale+orientation normalized)', 'volume_ratio': np.float64(1.0), 'iou_score': 1.0, 'error': None}
2026-03-15 18:13:41,507 [DEBUG] Response sent
2026-03-15 18:13:41,511 [DEBUG] Received message: <mcp.shared.session.RequestResponder object at 0x000001D81BEF8AA0>
2026-03-15 18:13:41,512 [INFO] Processing request of type CallToolRequest
2026-03-15 18:13:41,512 [DEBUG] Dispatching request of type CallToolRequest
2026-03-15 18:13:41,513 [INFO] grading_compare_shapes: C:\Users\gce4\Box\ES-19\Spring 2026\Grading\Section 1\Quiz 3\Problem_1\Kondo.Rachel-Quiz3-1.SLDPRT vs C:\Users\gce4\Box\ES-19\CADFiles\Listed\0253.SLDPRT
2026-03-15 18:13:48,807 [INFO] Auto-dismissed: title='SOLIDWORKS Design' class='#32770' btn='OK'
2026-03-15 18:13:49,123 [INFO] Auto-dismissed: title='SOLIDWORKS Design' class='#32770' btn='OK'
2026-03-15 18:13:51,993 [DEBUG] OpenDoc succeeded for 'C:\Users\gce4\Box\ES-19\Spring 2026\Grading\Section 1\Quiz 3\Problem_1\Kondo.Rachel-Quiz3-1.SLDPRT'
2026-03-15 18:13:51,995 [DEBUG] Opened 'C:\Users\gce4\Box\ES-19\Spring 2026\Grading\Section 1\Quiz 3\Problem_1\Kondo.Rachel-Quiz3-1.SLDPRT' (err=0)
2026-03-15 18:13:52,451 [INFO] Exported 'Kondo.Rachel-Quiz3-1.SLDPRT' → 'C:\Users\gce4\AppData\Local\Temp\tmp8md8ec68\student.stl' (275484 bytes)
2026-03-15 18:14:00,117 [INFO] Auto-dismissed: title='SOLIDWORKS Design' class='#32770' btn='OK'
2026-03-15 18:14:02,520 [DEBUG] OpenDoc succeeded for 'C:\Users\gce4\Box\ES-19\CADFiles\Listed\0253.SLDPRT'
2026-03-15 18:14:02,520 [DEBUG] Opened 'C:\Users\gce4\Box\ES-19\CADFiles\Listed\0253.SLDPRT' (err=0)
2026-03-15 18:14:02,873 [INFO] Exported '0253.SLDPRT' → 'C:\Users\gce4\AppData\Local\Temp\tmp8md8ec68\solution.stl' (274784 bytes)
2026-03-15 18:14:03,601 [DEBUG] face_normals didn't match triangles, ignoring!
2026-03-15 18:14:03,616 [DEBUG] `trimesh.load(force='mesh')` is a compatibility wrapper for `trimesh.load_mesh`
2026-03-15 18:14:03,634 [DEBUG] `trimesh.load(force='mesh')` is a compatibility wrapper for `trimesh.load_mesh`
2026-03-15 18:14:03,651 [DEBUG] creating mesh for Box primitive
2026-03-15 18:14:03,655 [DEBUG] creating mesh for Box primitive
2026-03-15 18:14:03,658 [DEBUG] 4 items cleared from cache: ['referenced_vertices', 'bounds', 'extents', 'bounding_box']
2026-03-15 18:14:03,660 [DEBUG] creating mesh for Box primitive
2026-03-15 18:14:03,664 [DEBUG] creating mesh for Box primitive
2026-03-15 18:14:12,532 [DEBUG] voxelize_subdivide executed in 8.8672 seconds.
2026-03-15 18:14:12,542 [DEBUG] fill_holes executed in 0.0096 seconds.
2026-03-15 18:14:16,524 [DEBUG] voxelize_subdivide executed in 3.9795 seconds.
2026-03-15 18:14:16,535 [DEBUG] fill_holes executed in 0.0102 seconds.
2026-03-15 18:14:16,539 [DEBUG] creating mesh for Box primitive
2026-03-15 18:14:20,194 [DEBUG] voxelize_subdivide executed in 3.6530 seconds.
2026-03-15 18:14:20,204 [DEBUG] fill_holes executed in 0.0099 seconds.
2026-03-15 18:14:24,618 [DEBUG] voxelize_subdivide executed in 4.4127 seconds.
2026-03-15 18:14:24,634 [DEBUG] fill_holes executed in 0.0151 seconds.
2026-03-15 18:14:24,638 [DEBUG] creating mesh for Box primitive
2026-03-15 18:14:28,748 [DEBUG] voxelize_subdivide executed in 4.1084 seconds.
2026-03-15 18:14:28,758 [DEBUG] fill_holes executed in 0.0095 seconds.
2026-03-15 18:14:33,152 [DEBUG] voxelize_subdivide executed in 4.3926 seconds.
2026-03-15 18:14:33,165 [DEBUG] fill_holes executed in 0.0122 seconds.
2026-03-15 18:14:33,173 [DEBUG] creating mesh for Box primitive
2026-03-15 18:14:39,234 [DEBUG] voxelize_subdivide executed in 6.0586 seconds.
2026-03-15 18:14:39,249 [DEBUG] fill_holes executed in 0.0141 seconds.
2026-03-15 18:14:44,949 [DEBUG] voxelize_subdivide executed in 5.6998 seconds.
2026-03-15 18:14:44,959 [DEBUG] fill_holes executed in 0.0092 seconds.
2026-03-15 18:14:44,965 [DEBUG] creating mesh for Box primitive
2026-03-15 18:14:58,004 [DEBUG] voxelize_subdivide executed in 13.0354 seconds.
2026-03-15 18:14:58,028 [DEBUG] fill_holes executed in 0.0234 seconds.
2026-03-15 18:15:03,774 [DEBUG] voxelize_subdivide executed in 5.7429 seconds.
2026-03-15 18:15:03,797 [DEBUG] fill_holes executed in 0.0224 seconds.
2026-03-15 18:15:03,805 [DEBUG] creating mesh for Box primitive
2026-03-15 18:15:07,798 [DEBUG] voxelize_subdivide executed in 3.9923 seconds.
2026-03-15 18:15:07,821 [DEBUG] fill_holes executed in 0.0214 seconds.
2026-03-15 18:15:12,572 [DEBUG] voxelize_subdivide executed in 4.7487 seconds.
2026-03-15 18:15:12,583 [DEBUG] fill_holes executed in 0.0108 seconds.
2026-03-15 18:15:12,588 [DEBUG] creating mesh for Box primitive
2026-03-15 18:15:24,638 [DEBUG] voxelize_subdivide executed in 12.0479 seconds.
2026-03-15 18:15:24,648 [DEBUG] fill_holes executed in 0.0095 seconds.
2026-03-15 18:15:28,384 [DEBUG] voxelize_subdivide executed in 3.7355 seconds.
2026-03-15 18:15:28,394 [DEBUG] fill_holes executed in 0.0096 seconds.
2026-03-15 18:15:28,398 [DEBUG] creating mesh for Box primitive
2026-03-15 18:15:31,640 [DEBUG] voxelize_subdivide executed in 3.2403 seconds.
2026-03-15 18:15:31,649 [DEBUG] fill_holes executed in 0.0091 seconds.
2026-03-15 18:15:40,871 [DEBUG] voxelize_subdivide executed in 9.2208 seconds.
2026-03-15 18:15:40,883 [DEBUG] fill_holes executed in 0.0112 seconds.
2026-03-15 18:15:40,889 [INFO] grading_compare_shapes result: {'score': 0.6735, 'method': 'normalized_pca_iou', 'details': 'partial match | IoU=0.674, volume_ratio=0.976 | mode=form-only (scale+orientation normalized)', 'volume_ratio': np.float64(0.9758), 'iou_score': 0.6735, 'error': None}
2026-03-15 18:15:40,891 [DEBUG] Response sent
2026-03-15 18:41:26,670 [INFO] === SOLIDWORKS MCP Server starting ===
2026-03-15 18:41:26,670 [INFO] Log file: C:\Users\gce4\Documents\solidworks-mcp\solidworks_mcp.log
2026-03-15 18:41:26,674 [DEBUG] Initializing server 'solidworks-mcp'
2026-03-15 18:41:26,675 [DEBUG] Registering handler for ListToolsRequest
2026-03-15 18:41:26,675 [DEBUG] Registering handler for CallToolRequest
2026-03-15 18:41:26,675 [DEBUG] Registering handler for ListResourcesRequest
2026-03-15 18:41:26,675 [DEBUG] Registering handler for ReadResourceRequest
2026-03-15 18:41:26,675 [DEBUG] Registering handler for PromptListRequest
2026-03-15 18:41:26,676 [DEBUG] Registering handler for GetPromptRequest
2026-03-15 18:41:26,676 [DEBUG] Registering handler for ListResourceTemplatesRequest
2026-03-15 18:41:26,808 [DEBUG] PopupDismisser started.
2026-03-15 18:41:26,809 [INFO] Popup dismisser started.
2026-03-15 18:41:27,047 [INFO] Starting MCP server with stdio transport...
2026-03-15 18:41:27,057 [DEBUG] Using proactor: IocpProactor
2026-03-15 18:41:27,075 [DEBUG] Received message: root=InitializedNotification(method='notifications/initialized', params=None, jsonrpc='2.0')
2026-03-15 18:41:27,078 [DEBUG] Received message: <mcp.shared.session.RequestResponder object at 0x000001C0E156CE10>
2026-03-15 18:41:27,078 [INFO] Processing request of type ListToolsRequest
2026-03-15 18:41:27,079 [DEBUG] Dispatching request of type ListToolsRequest
2026-03-15 18:41:27,079 [DEBUG] Response sent
2026-03-15 18:41:27,080 [DEBUG] Received message: <mcp.shared.session.RequestResponder object at 0x000001C0E156CF50>
2026-03-15 18:41:27,080 [INFO] Processing request of type ListPromptsRequest
2026-03-15 18:41:27,080 [DEBUG] Dispatching request of type ListPromptsRequest
2026-03-15 18:41:27,081 [DEBUG] Received message: <mcp.shared.session.RequestResponder object at 0x000001C0DF4D15B0>
2026-03-15 18:41:27,082 [INFO] Processing request of type ListResourcesRequest
2026-03-15 18:41:27,082 [DEBUG] Dispatching request of type ListResourcesRequest
2026-03-15 18:41:27,082 [DEBUG] Listing resources
2026-03-15 18:41:27,085 [DEBUG] Response sent
2026-03-15 18:41:27,086 [DEBUG] Response sent
2026-03-15 18:41:41,719 [DEBUG] Received message: <mcp.shared.session.RequestResponder object at 0x000001C0DF4D1E00>
2026-03-15 18:41:41,720 [INFO] Processing request of type CallToolRequest
2026-03-15 18:41:41,721 [DEBUG] Dispatching request of type CallToolRequest
2026-03-15 18:41:41,721 [INFO] grading_compare_shapes: C:\Users\gce4\Box\ES-19\CADFiles\Listed\0253.SLDPRT vs C:\Users\gce4\Box\ES-19\CADFiles\Listed\0253.SLDPRT
2026-03-15 18:41:41,854 [DEBUG] GetActiveObject('SldWorks.Application') succeeded.
2026-03-15 18:41:41,858 [INFO] Connected to SolidWorks (attempt 1). ApplicationType=1 (Student Edition)
2026-03-15 18:41:46,102 [INFO] Auto-dismissed: title='SOLIDWORKS Design' class='#32770' btn='OK'
2026-03-15 18:41:48,183 [DEBUG] OpenDoc succeeded for 'C:\Users\gce4\Box\ES-19\CADFiles\Listed\0253.SLDPRT'
2026-03-15 18:41:48,183 [DEBUG] Opened 'C:\Users\gce4\Box\ES-19\CADFiles\Listed\0253.SLDPRT' (err=0)
2026-03-15 18:41:48,505 [INFO] Exported '0253.SLDPRT' → 'C:\Users\gce4\AppData\Local\Temp\tmp4kyd7x5u\student.stl' (274784 bytes)
2026-03-15 18:41:52,020 [INFO] Auto-dismissed: title='SOLIDWORKS Design' class='#32770' btn='OK'
2026-03-15 18:41:53,790 [DEBUG] OpenDoc succeeded for 'C:\Users\gce4\Box\ES-19\CADFiles\Listed\0253.SLDPRT'
2026-03-15 18:41:53,791 [DEBUG] Opened 'C:\Users\gce4\Box\ES-19\CADFiles\Listed\0253.SLDPRT' (err=0)
2026-03-15 18:41:54,013 [INFO] Exported '0253.SLDPRT' → 'C:\Users\gce4\AppData\Local\Temp\tmp4kyd7x5u\solution.stl' (274784 bytes)
2026-03-15 18:41:54,595 [DEBUG] searching for blender in: c:\Program Files (x86)\Pulse Secure\VC142.CRT\X86\;c:\Program Files (x86)\Pulse Secure\VC142.CRT\X64\;C:\Program Files (x86)\Windows Kits\8.1\Windows Performance Toolkit\;C:\WINDOWS\system32;C:\Program Files (x86)\NVIDIA Corporation\PhysX\Common;C:\WINDOWS\System32\Wbem;C:\WINDOWS\System32\OpenSSH\;C:\Users\gce4\AppData\Local\Programs\Python\Python314\;C:\windows\System32\Wbem;C:\Users\gce4\AppData\Local\Programs\Python\Python314;C:\windows\System32\WindowsPowerShell\v1.0\;C:\Program Files\PuTTY\;C:\Users\gce4\AppData\Local\Programs\Python\Launcher\;C:\Users\gce4\AppData\Local\Programs\Python\Python314\Scripts\;C:\Program Files\Microsoft MPI\Bin\;C:\windows\System32\OpenSSH\;C:\Users\gce4\AppData\Local\Microsoft\WindowsApps;C:\windows;C:\windows\system32;c:\Program Files (x86)\Common Files\Pulse Secure\TNC Client Plugin\;C:\WINDOWS\System32\WindowsPowerShell\v1.0\;C:\WINDOWS
2026-03-15 18:41:54,626 [DEBUG] falling back to hashlib hashing: `pip install xxhash`for 50x faster cache checks
2026-03-15 18:45:45,055 [DEBUG] `trimesh.load(force='mesh')` is a compatibility wrapper for `trimesh.load_mesh`
2026-03-15 18:45:45,074 [DEBUG] `trimesh.load(force='mesh')` is a compatibility wrapper for `trimesh.load_mesh`
2026-03-15 18:45:45,098 [DEBUG] creating mesh for Box primitive
2026-03-15 18:45:45,109 [DEBUG] creating mesh for Box primitive
2026-03-15 18:45:45,116 [DEBUG] 4 items cleared from cache: ['referenced_vertices', 'bounds', 'extents', 'bounding_box']
2026-03-15 18:45:45,119 [DEBUG] creating mesh for Box primitive
2026-03-15 18:45:45,124 [DEBUG] creating mesh for Box primitive
2026-03-15 18:45:49,349 [DEBUG] voxelize_subdivide executed in 4.2208 seconds.
2026-03-15 18:45:49,360 [DEBUG] fill_holes executed in 0.0099 seconds.
2026-03-15 18:45:52,947 [DEBUG] voxelize_subdivide executed in 3.5849 seconds.
2026-03-15 18:45:52,956 [DEBUG] fill_holes executed in 0.0090 seconds.
2026-03-15 18:45:52,960 [DEBUG] creating mesh for Box primitive
2026-03-15 18:45:56,565 [DEBUG] voxelize_subdivide executed in 3.6031 seconds.
2026-03-15 18:45:56,576 [DEBUG] fill_holes executed in 0.0101 seconds.
2026-03-15 18:45:59,858 [DEBUG] voxelize_subdivide executed in 3.2814 seconds.
2026-03-15 18:45:59,868 [DEBUG] fill_holes executed in 0.0098 seconds.
2026-03-15 18:45:59,873 [DEBUG] creating mesh for Box primitive
2026-03-15 18:46:03,396 [DEBUG] voxelize_subdivide executed in 3.5224 seconds.
2026-03-15 18:46:03,410 [DEBUG] fill_holes executed in 0.0128 seconds.
2026-03-15 18:46:07,135 [DEBUG] voxelize_subdivide executed in 3.7236 seconds.
2026-03-15 18:46:07,145 [DEBUG] fill_holes executed in 0.0097 seconds.
2026-03-15 18:46:07,150 [DEBUG] creating mesh for Box primitive
2026-03-15 18:46:10,812 [DEBUG] voxelize_subdivide executed in 3.6611 seconds.
2026-03-15 18:46:10,823 [DEBUG] fill_holes executed in 0.0099 seconds.
2026-03-15 18:46:14,635 [DEBUG] voxelize_subdivide executed in 3.8118 seconds.
2026-03-15 18:46:14,646 [DEBUG] fill_holes executed in 0.0100 seconds.
2026-03-15 18:46:14,651 [DEBUG] creating mesh for Box primitive
2026-03-15 18:46:19,092 [DEBUG] voxelize_subdivide executed in 4.4395 seconds.
2026-03-15 18:46:19,105 [DEBUG] fill_holes executed in 0.0119 seconds.
2026-03-15 18:46:23,159 [DEBUG] voxelize_subdivide executed in 4.0532 seconds.
2026-03-15 18:46:23,170 [DEBUG] fill_holes executed in 0.0109 seconds.
2026-03-15 18:46:23,174 [DEBUG] creating mesh for Box primitive
2026-03-15 18:46:26,973 [DEBUG] voxelize_subdivide executed in 3.7965 seconds.
2026-03-15 18:46:26,987 [DEBUG] fill_holes executed in 0.0140 seconds.
2026-03-15 18:46:30,998 [DEBUG] voxelize_subdivide executed in 4.0048 seconds.
2026-03-15 18:46:31,008 [DEBUG] fill_holes executed in 0.0091 seconds.
2026-03-15 18:46:31,016 [DEBUG] creating mesh for Box primitive
2026-03-15 18:46:41,251 [DEBUG] voxelize_subdivide executed in 10.2328 seconds.
2026-03-15 18:46:41,262 [DEBUG] fill_holes executed in 0.0101 seconds.
2026-03-15 18:46:47,588 [DEBUG] voxelize_subdivide executed in 6.3242 seconds.
2026-03-15 18:46:47,600 [DEBUG] fill_holes executed in 0.0110 seconds.
2026-03-15 18:46:47,604 [DEBUG] creating mesh for Box primitive
2026-03-15 18:46:51,237 [DEBUG] voxelize_subdivide executed in 3.6318 seconds.
2026-03-15 18:46:51,247 [DEBUG] fill_holes executed in 0.0097 seconds.
2026-03-15 18:46:56,020 [DEBUG] voxelize_subdivide executed in 4.7721 seconds.
2026-03-15 18:46:56,045 [DEBUG] fill_holes executed in 0.0226 seconds.
2026-03-15 18:46:56,057 [INFO] grading_compare_shapes result: {'score': 1.0, 'method': 'normalized_pca_iou', 'details': 'excellent match | IoU=1.000, volume_ratio=1.000 | mode=form-only (scale+orientation normalized)', 'volume_ratio': np.float64(1.0), 'iou_score': 1.0, 'error': None}
2026-03-15 18:46:56,058 [DEBUG] Response sent
2026-03-15 20:14:39,649 [INFO] Auto-dismissed: title='SOLIDWORKS Design' class='#32770' btn='OK'
2026-03-15 20:14:47,438 [INFO] Auto-dismissed: title='SOLIDWORKS Design' class='#32770' btn='OK'
2026-03-15 20:16:05,948 [INFO] Auto-dismissed: title='SOLIDWORKS Design' class='#32770' btn='OK'
2026-03-15 20:16:14,461 [INFO] Auto-dismissed: title='SOLIDWORKS Design' class='#32770' btn='OK'
2026-03-15 20:16:22,290 [INFO] Auto-dismissed: title='SOLIDWORKS Design' class='#32770' btn='OK'
2026-03-15 20:16:33,170 [INFO] Auto-dismissed: title='SOLIDWORKS Design' class='#32770' btn='OK'
2026-03-15 20:16:41,574 [INFO] Auto-dismissed: title='SOLIDWORKS Design' class='#32770' btn='OK'
2026-03-15 22:00:20,373 [INFO] Auto-dismissed: title='SOLIDWORKS Design' class='#32770' btn='OK'
2026-03-15 22:00:29,965 [INFO] Auto-dismissed: title='SOLIDWORKS Design' class='#32770' btn='OK'
2026-03-15 22:00:45,986 [INFO] Auto-dismissed: title='SOLIDWORKS Design' class='#32770' btn='OK'
2026-03-15 22:01:05,734 [INFO] Auto-dismissed: title='SOLIDWORKS Design' class='#32770' btn='OK'
2026-03-15 22:01:23,162 [INFO] Auto-dismissed: title='SOLIDWORKS Design' class='#32770' btn='OK'
2026-03-15 22:02:08,556 [INFO] Auto-dismissed: title='SOLIDWORKS Design' class='#32770' btn='OK'
2026-03-15 22:02:22,370 [INFO] Auto-dismissed: title='SOLIDWORKS Design' class='#32770' btn='OK'
2026-03-15 22:02:34,278 [INFO] Auto-dismissed: title='SOLIDWORKS Design' class='#32770' btn='OK'
2026-03-15 22:02:48,672 [INFO] Auto-dismissed: title='SOLIDWORKS Design' class='#32770' btn='OK'
2026-03-15 22:03:04,961 [INFO] Auto-dismissed: title='SOLIDWORKS Design' class='#32770' btn='OK'
2026-03-15 22:03:25,138 [INFO] Auto-dismissed: title='SOLIDWORKS Design' class='#32770' btn='OK'
2026-03-15 22:03:25,396 [INFO] Auto-dismissed: title='SOLIDWORKS Design' class='#32770' btn='OK'
2026-03-15 22:03:43,512 [INFO] Auto-dismissed: title='SOLIDWORKS Design' class='#32770' btn='OK'
2026-03-15 22:04:03,102 [INFO] Auto-dismissed: title='SOLIDWORKS Design' class='#32770' btn='OK'
2026-03-15 22:04:24,199 [INFO] Auto-dismissed: title='SOLIDWORKS Design' class='#32770' btn='OK'
2026-03-15 22:05:15,804 [INFO] Auto-dismissed: title='SOLIDWORKS Design' class='#32770' btn='OK'
2026-03-15 22:05:35,010 [INFO] Auto-dismissed: title='SOLIDWORKS Design' class='#32770' btn='OK'
2026-03-15 22:05:52,802 [INFO] Auto-dismissed: title='SOLIDWORKS Design' class='#32770' btn='OK'
2026-03-15 22:06:16,821 [INFO] Auto-dismissed: title='SOLIDWORKS Design' class='#32770' btn='OK'
2026-03-15 22:06:36,679 [INFO] Auto-dismissed: title='SOLIDWORKS Design' class='#32770' btn='OK'
2026-03-15 22:06:57,988 [INFO] Auto-dismissed: title='SOLIDWORKS Design' class='#32770' btn='OK'
2026-03-15 22:07:17,471 [INFO] Auto-dismissed: title='SOLIDWORKS Design' class='#32770' btn='OK'
2026-03-15 22:07:35,446 [INFO] Auto-dismissed: title='SOLIDWORKS Design' class='#32770' btn='OK'
2026-03-15 22:07:52,985 [INFO] Auto-dismissed: title='SOLIDWORKS Design' class='#32770' btn='OK'
2026-03-15 22:08:25,748 [INFO] Auto-dismissed: title='SOLIDWORKS Design' class='#32770' btn='OK'
2026-03-15 22:08:38,023 [INFO] Auto-dismissed: title='SOLIDWORKS Design' class='#32770' btn='OK'
2026-03-15 22:08:49,811 [INFO] Auto-dismissed: title='SOLIDWORKS Design' class='#32770' btn='OK'
2026-03-15 22:26:10,261 [INFO] Auto-dismissed: title='SOLIDWORKS Design' class='#32770' btn='OK'
2026-03-15 22:26:21,416 [INFO] Auto-dismissed: title='SOLIDWORKS Design' class='#32770' btn='OK'
2026-03-15 22:26:38,267 [INFO] Auto-dismissed: title='SOLIDWORKS Design' class='#32770' btn='OK'
2026-03-15 22:30:33,317 [INFO] Auto-dismissed: title='SOLIDWORKS Design' class='#32770' btn='OK'
2026-03-15 22:30:54,802 [INFO] Auto-dismissed: title='SOLIDWORKS Design' class='#32770' btn='OK'
2026-03-15 22:31:18,719 [INFO] Auto-dismissed: title='SOLIDWORKS Design' class='#32770' btn='OK'
2026-03-15 22:31:38,486 [INFO] Auto-dismissed: title='SOLIDWORKS Design' class='#32770' btn='OK'
2026-03-15 22:31:57,673 [INFO] Auto-dismissed: title='SOLIDWORKS Design' class='#32770' btn='OK'
2026-03-15 22:32:36,953 [INFO] Auto-dismissed: title='SOLIDWORKS Design' class='#32770' btn='OK'
2026-03-15 22:32:58,248 [INFO] Auto-dismissed: title='SOLIDWORKS Design' class='#32770' btn='OK'
2026-03-15 22:33:19,005 [INFO] Auto-dismissed: title='SOLIDWORKS Design' class='#32770' btn='OK'
2026-03-15 22:33:39,680 [INFO] Auto-dismissed: title='SOLIDWORKS Design' class='#32770' btn='OK'
2026-03-15 22:33:59,546 [INFO] Auto-dismissed: title='SOLIDWORKS Design' class='#32770' btn='OK'
2026-03-15 22:34:19,623 [INFO] Auto-dismissed: title='SOLIDWORKS Design' class='#32770' btn='OK'
2026-03-15 22:34:38,236 [INFO] Auto-dismissed: title='SOLIDWORKS Design' class='#32770' btn='OK'
2026-03-15 22:34:55,557 [INFO] Auto-dismissed: title='SOLIDWORKS Design' class='#32770' btn='OK'
2026-03-15 22:35:21,991 [INFO] Auto-dismissed: title='SOLIDWORKS Design' class='#32770' btn='OK'
2026-03-15 22:35:43,235 [INFO] Auto-dismissed: title='SOLIDWORKS Design' class='#32770' btn='OK'
2026-03-15 22:36:08,758 [INFO] Auto-dismissed: title='SOLIDWORKS Design' class='#32770' btn='OK'
2026-03-15 22:36:28,101 [INFO] Auto-dismissed: title='SOLIDWORKS Design' class='#32770' btn='OK'
2026-03-15 22:36:52,261 [INFO] Auto-dismissed: title='SOLIDWORKS Design' class='#32770' btn='OK'
2026-03-15 22:37:12,787 [INFO] Auto-dismissed: title='SOLIDWORKS Design' class='#32770' btn='OK'
2026-03-15 22:37:38,609 [INFO] Auto-dismissed: title='SOLIDWORKS Design' class='#32770' btn='OK'
2026-03-15 22:37:58,642 [INFO] Auto-dismissed: title='SOLIDWORKS Design' class='#32770' btn='OK'
2026-03-15 22:38:19,120 [INFO] Auto-dismissed: title='SOLIDWORKS Design' class='#32770' btn='OK'
2026-03-15 22:38:46,115 [INFO] Auto-dismissed: title='SOLIDWORKS Design' class='#32770' btn='OK'
2026-03-15 22:48:42,435 [INFO] Auto-dismissed: title='SOLIDWORKS Design' class='#32770' btn='OK'
2026-03-15 22:48:49,756 [INFO] Auto-dismissed: title='SOLIDWORKS Design' class='#32770' btn='OK'
2026-03-15 22:49:08,357 [INFO] Auto-dismissed: title='SOLIDWORKS Design' class='#32770' btn='OK'
2026-03-15 22:49:26,309 [INFO] Auto-dismissed: title='SOLIDWORKS Design' class='#32770' btn='OK'
2026-03-15 22:49:43,261 [INFO] Auto-dismissed: title='SOLIDWORKS Design' class='#32770' btn='OK'
2026-03-15 22:50:00,645 [INFO] Auto-dismissed: title='SOLIDWORKS Design' class='#32770' btn='OK'
2026-03-15 22:50:17,104 [INFO] Auto-dismissed: title='SOLIDWORKS Design' class='#32770' btn='OK'
2026-03-15 22:50:33,920 [INFO] Auto-dismissed: title='SOLIDWORKS Design' class='#32770' btn='OK'
2026-03-15 22:50:49,493 [INFO] Auto-dismissed: title='SOLIDWORKS Design' class='#32770' btn='OK'
2026-03-15 22:51:06,097 [INFO] Auto-dismissed: title='SOLIDWORKS Design' class='#32770' btn='OK'
2026-03-15 22:51:23,360 [INFO] Auto-dismissed: title='SOLIDWORKS Design' class='#32770' btn='OK'
2026-03-15 22:51:41,434 [INFO] Auto-dismissed: title='SOLIDWORKS Design' class='#32770' btn='OK'
2026-03-15 22:51:57,549 [INFO] Auto-dismissed: title='SOLIDWORKS Design' class='#32770' btn='OK'
2026-03-15 22:52:17,657 [INFO] Auto-dismissed: title='SOLIDWORKS Design' class='#32770' btn='OK'
2026-03-15 22:52:34,317 [INFO] Auto-dismissed: title='SOLIDWORKS Design' class='#32770' btn='OK'
2026-03-15 22:52:51,665 [INFO] Auto-dismissed: title='SOLIDWORKS Design' class='#32770' btn='OK'
2026-03-15 22:53:25,356 [INFO] Auto-dismissed: title='SOLIDWORKS Design' class='#32770' btn='OK'
2026-03-15 22:53:44,455 [INFO] Auto-dismissed: title='SOLIDWORKS Design' class='#32770' btn='OK'
2026-03-15 22:53:44,712 [INFO] Auto-dismissed: title='SOLIDWORKS Design' class='#32770' btn='OK'
2026-03-15 22:54:02,580 [INFO] Auto-dismissed: title='SOLIDWORKS Design' class='#32770' btn='OK'
2026-03-15 22:54:02,812 [INFO] Auto-dismissed: title='SOLIDWORKS Design' class='#32770' btn='OK'
2026-03-15 22:54:18,946 [INFO] Auto-dismissed: title='SOLIDWORKS Design' class='#32770' btn='OK'
2026-03-15 22:54:31,789 [INFO] Auto-dismissed: title='SOLIDWORKS Design' class='#32770' btn='OK'
2026-03-15 22:54:44,251 [INFO] Auto-dismissed: title='SOLIDWORKS Design' class='#32770' btn='OK'
2026-03-15 22:54:57,250 [INFO] Auto-dismissed: title='SOLIDWORKS Design' class='#32770' btn='OK'
2026-03-15 22:55:09,056 [INFO] Auto-dismissed: title='SOLIDWORKS Design' class='#32770' btn='OK'
2026-03-15 23:26:13,974 [INFO] Auto-dismissed: title='SOLIDWORKS Design' class='#32770' btn='OK'
2026-03-15 23:26:21,989 [INFO] Auto-dismissed: title='SOLIDWORKS Design' class='#32770' btn='OK'
2026-03-15 23:26:35,879 [INFO] Auto-dismissed: title='SOLIDWORKS Design' class='#32770' btn='OK'
2026-03-15 23:26:36,211 [INFO] Auto-dismissed: title='SOLIDWORKS Design' class='#32770' btn='OK'
2026-03-15 23:27:05,329 [INFO] Auto-dismissed: title='SOLIDWORKS Design' class='#32770' btn='OK'
2026-03-15 23:27:20,518 [INFO] Auto-dismissed: title='SOLIDWORKS Design' class='#32770' btn='OK'
2026-03-15 23:27:34,247 [INFO] Auto-dismissed: title='SOLIDWORKS Design' class='#32770' btn='OK'
2026-03-15 23:27:34,472 [INFO] Auto-dismissed: title='SOLIDWORKS Design' class='#32770' btn='OK'
2026-03-15 23:27:48,665 [INFO] Auto-dismissed: title='SOLIDWORKS Design' class='#32770' btn='OK'
2026-03-15 23:28:12,756 [INFO] Auto-dismissed: title='SOLIDWORKS Design' class='#32770' btn='OK'
2026-03-15 23:28:40,274 [INFO] Auto-dismissed: title='SOLIDWORKS Design' class='#32770' btn='OK'
2026-03-15 23:28:40,631 [INFO] Auto-dismissed: title='SOLIDWORKS Design' class='#32770' btn='OK'
2026-03-15 23:29:08,177 [INFO] Auto-dismissed: title='SOLIDWORKS Design' class='#32770' btn='OK'
2026-03-15 23:29:38,694 [INFO] Auto-dismissed: title='SOLIDWORKS Design' class='#32770' btn='OK'
2026-03-15 23:30:05,221 [INFO] Auto-dismissed: title='SOLIDWORKS Design' class='#32770' btn='OK'
2026-03-15 23:30:30,426 [INFO] Auto-dismissed: title='SOLIDWORKS Design' class='#32770' btn='OK'
2026-03-15 23:31:01,839 [INFO] Auto-dismissed: title='SOLIDWORKS Design' class='#32770' btn='OK'
2026-03-15 23:31:02,117 [INFO] Auto-dismissed: title='SOLIDWORKS Design' class='#32770' btn='OK'
2026-03-15 23:31:28,706 [INFO] Auto-dismissed: title='SOLIDWORKS Design' class='#32770' btn='OK'
2026-03-15 23:32:01,541 [INFO] Auto-dismissed: title='SOLIDWORKS Design' class='#32770' btn='OK'
2026-03-15 23:32:01,753 [INFO] Auto-dismissed: title='SOLIDWORKS Design' class='#32770' btn='OK'
2026-03-15 23:32:26,992 [INFO] Auto-dismissed: title='SOLIDWORKS Design' class='#32770' btn='OK'
2026-03-15 23:32:54,004 [INFO] Auto-dismissed: title='SOLIDWORKS Design' class='#32770' btn='OK'
2026-03-15 23:33:21,065 [INFO] Auto-dismissed: title='SOLIDWORKS Design' class='#32770' btn='OK'
2026-03-15 23:33:47,726 [INFO] Auto-dismissed: title='SOLIDWORKS Design' class='#32770' btn='OK'
2026-03-15 23:34:11,721 [INFO] Auto-dismissed: title='SOLIDWORKS Design' class='#32770' btn='OK'
2026-03-15 23:34:25,214 [INFO] Auto-dismissed: title='SOLIDWORKS Design' class='#32770' btn='OK'
2026-03-15 23:34:37,653 [INFO] Auto-dismissed: title='SOLIDWORKS Design' class='#32770' btn='OK'
2026-03-15 23:34:49,630 [INFO] Auto-dismissed: title='SOLIDWORKS Design' class='#32770' btn='OK'
2026-03-15 23:35:04,645 [INFO] Auto-dismissed: title='SOLIDWORKS Design' class='#32770' btn='OK'
2026-03-15 23:35:27,166 [INFO] Auto-dismissed: title='SOLIDWORKS Design' class='#32770' btn='OK'
2026-03-15 23:50:41,088 [INFO] Auto-dismissed: title='SOLIDWORKS Design' class='#32770' btn='OK'
2026-03-15 23:50:51,162 [INFO] Auto-dismissed: title='SOLIDWORKS Design' class='#32770' btn='OK'
2026-03-15 23:51:04,622 [INFO] Auto-dismissed: title='SOLIDWORKS Design' class='#32770' btn='OK'
2026-03-15 23:51:27,622 [INFO] Auto-dismissed: title='SOLIDWORKS Design' class='#32770' btn='OK'
2026-03-15 23:51:57,360 [INFO] Auto-dismissed: title='SOLIDWORKS Design' class='#32770' btn='OK'
2026-03-15 23:52:24,237 [INFO] Auto-dismissed: title='SOLIDWORKS Design' class='#32770' btn='OK'
2026-03-15 23:52:52,946 [INFO] Auto-dismissed: title='SOLIDWORKS Design' class='#32770' btn='OK'
2026-03-15 23:53:19,017 [INFO] Auto-dismissed: title='SOLIDWORKS Design' class='#32770' btn='OK'
2026-03-15 23:53:46,811 [INFO] Auto-dismissed: title='SOLIDWORKS Design' class='#32770' btn='OK'
2026-03-15 23:54:16,961 [INFO] Auto-dismissed: title='SOLIDWORKS Design' class='#32770' btn='OK'
2026-03-15 23:54:43,538 [INFO] Auto-dismissed: title='SOLIDWORKS Design' class='#32770' btn='OK'
2026-03-15 23:54:44,026 [INFO] Auto-dismissed: title='SOLIDWORKS Design' class='#32770' btn='OK'
2026-03-15 23:55:08,937 [INFO] Auto-dismissed: title='SOLIDWORKS Design' class='#32770' btn='OK'
2026-03-15 23:55:34,767 [INFO] Auto-dismissed: title='SOLIDWORKS Design' class='#32770' btn='OK'
2026-03-15 23:56:00,835 [INFO] Auto-dismissed: title='SOLIDWORKS Design' class='#32770' btn='OK'
2026-03-15 23:56:26,906 [INFO] Auto-dismissed: title='SOLIDWORKS Design' class='#32770' btn='OK'
2026-03-15 23:56:57,588 [INFO] Auto-dismissed: title='SOLIDWORKS Design' class='#32770' btn='OK'
2026-03-15 23:57:15,455 [INFO] Auto-dismissed: title='SOLIDWORKS Design' class='#32770' btn='OK'
2026-03-15 23:57:28,166 [INFO] Auto-dismissed: title='SOLIDWORKS Design' class='#32770' btn='OK'
2026-03-15 23:57:40,859 [INFO] Auto-dismissed: title='SOLIDWORKS Design' class='#32770' btn='OK'
2026-03-15 23:57:53,212 [INFO] Auto-dismissed: title='SOLIDWORKS Design' class='#32770' btn='OK'
2026-03-15 23:58:05,782 [INFO] Auto-dismissed: title='SOLIDWORKS Design' class='#32770' btn='OK'
2026-03-15 23:58:29,179 [INFO] Auto-dismissed: title='SOLIDWORKS Design' class='#32770' btn='OK'
2026-03-15 23:58:51,136 [INFO] Auto-dismissed: title='SOLIDWORKS Design' class='#32770' btn='OK'
2026-03-15 23:59:03,903 [INFO] Auto-dismissed: title='SOLIDWORKS Design' class='#32770' btn='OK'
2026-03-15 23:59:17,503 [INFO] Auto-dismissed: title='SOLIDWORKS Design' class='#32770' btn='OK'
2026-03-15 23:59:30,770 [INFO] Auto-dismissed: title='SOLIDWORKS Design' class='#32770' btn='OK'
2026-03-16 19:43:00,483 [INFO] === SOLIDWORKS MCP Server starting ===
2026-03-16 19:43:00,484 [INFO] Log file: C:\Users\gce4\Documents\solidworks-mcp\solidworks_mcp.log
2026-03-16 19:43:00,487 [DEBUG] Initializing server 'solidworks-mcp'
2026-03-16 19:43:00,487 [DEBUG] Registering handler for ListToolsRequest
2026-03-16 19:43:00,488 [DEBUG] Registering handler for CallToolRequest
2026-03-16 19:43:00,488 [DEBUG] Registering handler for ListResourcesRequest
2026-03-16 19:43:00,488 [DEBUG] Registering handler for ReadResourceRequest
2026-03-16 19:43:00,488 [DEBUG] Registering handler for PromptListRequest
2026-03-16 19:43:00,489 [DEBUG] Registering handler for GetPromptRequest
2026-03-16 19:43:00,489 [DEBUG] Registering handler for ListResourceTemplatesRequest
2026-03-16 19:43:00,634 [DEBUG] PopupDismisser started.
2026-03-16 19:43:00,634 [INFO] Popup dismisser started.
2026-03-16 19:43:01,166 [INFO] Starting MCP server with stdio transport...
2026-03-16 19:43:01,181 [DEBUG] Using proactor: IocpProactor
2026-03-16 19:43:01,370 [DEBUG] Received message: root=InitializedNotification(method='notifications/initialized', params=None, jsonrpc='2.0')
2026-03-16 19:43:01,373 [DEBUG] Received message: <mcp.shared.session.RequestResponder object at 0x000001950A364CD0>
2026-03-16 19:43:01,374 [INFO] Processing request of type ListToolsRequest
2026-03-16 19:43:01,374 [DEBUG] Dispatching request of type ListToolsRequest
2026-03-16 19:43:01,376 [DEBUG] Response sent
2026-03-16 19:43:01,377 [DEBUG] Received message: <mcp.shared.session.RequestResponder object at 0x000001950A364E10>
2026-03-16 19:43:01,378 [INFO] Processing request of type ListPromptsRequest
2026-03-16 19:43:01,378 [DEBUG] Dispatching request of type ListPromptsRequest
2026-03-16 19:43:01,379 [DEBUG] Received message: <mcp.shared.session.RequestResponder object at 0x000001950828D6E0>
2026-03-16 19:43:01,380 [INFO] Processing request of type ListResourcesRequest
2026-03-16 19:43:01,380 [DEBUG] Dispatching request of type ListResourcesRequest
2026-03-16 19:43:01,380 [DEBUG] Listing resources
2026-03-16 19:43:01,381 [DEBUG] Response sent
2026-03-16 19:43:01,382 [DEBUG] Response sent
2026-03-16 21:06:24,064 [INFO] Auto-dismissed: title='SOLIDWORKS' class='#32770' btn='OK'
2026-03-16 21:07:09,525 [INFO] Auto-dismissed: title='SOLIDWORKS' class='#32770' btn='OK'
2026-03-16 21:09:04,557 [INFO] Auto-dismissed: title='SOLIDWORKS' class='#32770' btn='OK'
2026-03-16 21:10:01,998 [INFO] Auto-dismissed: title='SOLIDWORKS' class='#32770' btn='OK'
2026-03-16 21:10:10,491 [INFO] Auto-dismissed: title='SOLIDWORKS' class='#32770' btn='OK'
2026-03-16 21:25:47,308 [INFO] Auto-dismissed: title='SOLIDWORKS' class='#32770' btn='OK'
2026-03-16 21:43:08,492 [INFO] Auto-dismissed: title='SOLIDWORKS' class='#32770' btn='OK'
2026-03-16 23:50:45,661 [DEBUG] Received message: <mcp.shared.session.RequestResponder object at 0x000001950828DF30>
2026-03-16 23:50:45,665 [INFO] Processing request of type CallToolRequest
2026-03-16 23:50:45,666 [DEBUG] Dispatching request of type CallToolRequest
2026-03-16 23:50:45,669 [INFO] solidworks_running called
2026-03-16 23:52:45,807 [DEBUG] Response sent
2026-03-17 00:08:04,349 [DEBUG] Received message: <mcp.shared.session.RequestResponder object at 0x00000195082F1D90>
2026-03-17 00:08:04,349 [INFO] Processing request of type CallToolRequest
2026-03-17 00:08:04,350 [DEBUG] Dispatching request of type CallToolRequest
2026-03-17 00:08:04,350 [INFO] solidworks_running called
2026-03-17 00:08:04,423 [DEBUG] Response sent
2026-03-17 00:40:12,887 [INFO] Auto-dismissed: title='SOLIDWORKS Design' class='#32770' btn='OK'
2026-03-17 00:40:19,364 [INFO] Auto-dismissed: title='SOLIDWORKS Design' class='#32770' btn='OK'
2026-03-17 00:40:25,826 [INFO] Auto-dismissed: title='SOLIDWORKS Design' class='#32770' btn='OK'
2026-03-17 00:40:42,061 [INFO] Auto-dismissed: title='SOLIDWORKS Design' class='#32770' btn='OK'
2026-03-17 00:40:58,431 [INFO] Auto-dismissed: title='SOLIDWORKS Design' class='#32770' btn='OK'
2026-03-17 00:41:15,616 [INFO] Auto-dismissed: title='SOLIDWORKS Design' class='#32770' btn='OK'
2026-03-17 00:41:34,015 [INFO] Auto-dismissed: title='SOLIDWORKS Design' class='#32770' btn='OK'
2026-03-17 00:41:43,674 [INFO] Auto-dismissed: title='SOLIDWORKS Design' class='#32770' btn='OK'
2026-03-17 00:42:15,430 [INFO] Auto-dismissed: title='SOLIDWORKS Design' class='#32770' btn='OK'
2026-03-17 00:42:25,748 [INFO] Auto-dismissed: title='SOLIDWORKS Design' class='#32770' btn='OK'
2026-03-17 00:42:35,227 [INFO] Auto-dismissed: title='SOLIDWORKS Design' class='#32770' btn='OK'
2026-03-17 00:42:45,033 [INFO] Auto-dismissed: title='SOLIDWORKS Design' class='#32770' btn='OK'
2026-03-17 00:42:56,037 [INFO] Auto-dismissed: title='SOLIDWORKS Design' class='#32770' btn='OK'
2026-03-17 00:43:05,768 [INFO] Auto-dismissed: title='SOLIDWORKS Design' class='#32770' btn='OK'
2026-03-17 00:43:16,265 [INFO] Auto-dismissed: title='SOLIDWORKS Design' class='#32770' btn='OK'
2026-03-17 00:43:27,614 [INFO] Auto-dismissed: title='SOLIDWORKS Design' class='#32770' btn='OK'
2026-03-17 00:43:40,180 [INFO] Auto-dismissed: title='SOLIDWORKS Design' class='#32770' btn='OK'
2026-03-17 00:44:01,194 [INFO] Auto-dismissed: title='SOLIDWORKS Design' class='#32770' btn='OK'
2026-03-17 00:44:22,088 [INFO] Auto-dismissed: title='SOLIDWORKS Design' class='#32770' btn='OK'
2026-03-17 00:44:32,629 [INFO] Auto-dismissed: title='SOLIDWORKS Design' class='#32770' btn='OK'
2026-03-17 00:44:55,064 [INFO] Auto-dismissed: title='SOLIDWORKS Design' class='#32770' btn='OK'
2026-03-17 00:45:11,288 [INFO] Auto-dismissed: title='SOLIDWORKS Design' class='#32770' btn='OK'
2026-03-17 00:45:15,606 [INFO] Auto-dismissed: title='SOLIDWORKS Design' class='#32770' btn='OK'
2026-03-17 00:45:20,259 [INFO] Auto-dismissed: title='SOLIDWORKS Design' class='#32770' btn='OK'
2026-03-17 00:45:32,672 [INFO] Auto-dismissed: title='SOLIDWORKS Design' class='#32770' btn='OK'
2026-03-17 00:45:44,767 [INFO] Auto-dismissed: title='SOLIDWORKS Design' class='#32770' btn='OK'
2026-03-17 00:45:56,566 [INFO] Auto-dismissed: title='SOLIDWORKS Design' class='#32770' btn='OK'
2026-03-17 00:46:08,557 [INFO] Auto-dismissed: title='SOLIDWORKS Design' class='#32770' btn='OK'
2026-03-17 00:46:20,958 [INFO] Auto-dismissed: title='SOLIDWORKS Design' class='#32770' btn='OK'
2026-03-17 00:46:32,610 [INFO] Auto-dismissed: title='SOLIDWORKS Design' class='#32770' btn='OK'
2026-03-17 00:46:44,692 [INFO] Auto-dismissed: title='SOLIDWORKS Design' class='#32770' btn='OK'
2026-03-17 00:46:56,131 [INFO] Auto-dismissed: title='SOLIDWORKS Design' class='#32770' btn='OK'
2026-03-17 00:47:43,240 [INFO] Auto-dismissed: title='SOLIDWORKS Design' class='#32770' btn='OK'
2026-03-17 00:47:56,736 [INFO] Auto-dismissed: title='SOLIDWORKS Design' class='#32770' btn='OK'
2026-03-17 00:48:27,251 [INFO] Auto-dismissed: title='SOLIDWORKS Design' class='#32770' btn='OK'
2026-03-17 00:48:51,219 [INFO] Auto-dismissed: title='SOLIDWORKS Design' class='#32770' btn='OK'
2026-03-17 00:49:02,940 [INFO] Auto-dismissed: title='SOLIDWORKS Design' class='#32770' btn='OK'
2026-03-17 00:49:15,034 [INFO] Auto-dismissed: title='SOLIDWORKS Design' class='#32770' btn='OK'
2026-03-17 00:49:29,414 [INFO] Auto-dismissed: title='SOLIDWORKS Design' class='#32770' btn='OK'
2026-03-17 00:49:41,178 [INFO] Auto-dismissed: title='SOLIDWORKS Design' class='#32770' btn='OK'
2026-03-17 00:49:53,584 [INFO] Auto-dismissed: title='SOLIDWORKS Design' class='#32770' btn='OK'
2026-03-17 00:50:19,094 [INFO] Auto-dismissed: title='SOLIDWORKS Design' class='#32770' btn='OK'
2026-03-17 00:50:30,718 [INFO] Auto-dismissed: title='SOLIDWORKS Design' class='#32770' btn='OK'
2026-03-17 00:50:40,139 [INFO] Auto-dismissed: title='SOLIDWORKS Design' class='#32770' btn='OK'
2026-03-17 00:50:48,185 [INFO] Auto-dismissed: title='SOLIDWORKS Design' class='#32770' btn='OK'
2026-03-17 00:50:55,610 [INFO] Auto-dismissed: title='SOLIDWORKS Design' class='#32770' btn='OK'
2026-03-17 00:51:05,251 [INFO] Auto-dismissed: title='SOLIDWORKS Design' class='#32770' btn='OK'
2026-03-17 00:51:13,838 [INFO] Auto-dismissed: title='SOLIDWORKS Design' class='#32770' btn='OK'
2026-03-17 00:51:25,371 [INFO] Auto-dismissed: title='SOLIDWORKS Design' class='#32770' btn='OK'
2026-03-17 00:51:33,112 [INFO] Auto-dismissed: title='SOLIDWORKS Design' class='#32770' btn='OK'
2026-03-17 00:51:40,566 [INFO] Auto-dismissed: title='SOLIDWORKS Design' class='#32770' btn='OK'
2026-03-17 00:51:48,423 [INFO] Auto-dismissed: title='SOLIDWORKS Design' class='#32770' btn='OK'
2026-03-17 00:51:55,479 [INFO] Auto-dismissed: title='SOLIDWORKS Design' class='#32770' btn='OK'
2026-03-17 00:52:17,617 [INFO] Auto-dismissed: title='SOLIDWORKS Design' class='#32770' btn='OK'
2026-03-17 00:52:25,644 [INFO] Auto-dismissed: title='SOLIDWORKS Design' class='#32770' btn='OK'
2026-03-17 00:52:33,196 [INFO] Auto-dismissed: title='SOLIDWORKS Design' class='#32770' btn='OK'
2026-03-17 00:52:48,917 [INFO] Auto-dismissed: title='SOLIDWORKS Design' class='#32770' btn='OK'
2026-03-17 00:52:57,089 [INFO] Auto-dismissed: title='SOLIDWORKS Design' class='#32770' btn='OK'
2026-03-17 00:53:12,204 [INFO] Auto-dismissed: title='SOLIDWORKS Design' class='#32770' btn='OK'
2026-03-17 00:53:20,347 [INFO] Auto-dismissed: title='SOLIDWORKS Design' class='#32770' btn='OK'
2026-03-17 00:53:27,438 [INFO] Auto-dismissed: title='SOLIDWORKS Design' class='#32770' btn='OK'
2026-03-17 00:53:35,010 [INFO] Auto-dismissed: title='SOLIDWORKS Design' class='#32770' btn='OK'
2026-03-17 00:53:57,367 [INFO] Auto-dismissed: title='SOLIDWORKS Design' class='#32770' btn='OK'
2026-03-17 00:54:03,539 [INFO] Auto-dismissed: title='SOLIDWORKS Design' class='#32770' btn='OK'
2026-03-17 00:54:10,320 [INFO] Auto-dismissed: title='SOLIDWORKS Design' class='#32770' btn='OK'
2026-03-17 00:54:16,071 [INFO] Auto-dismissed: title='SOLIDWORKS Design' class='#32770' btn='OK'
2026-03-17 00:54:30,267 [INFO] Auto-dismissed: title='SOLIDWORKS Design' class='#32770' btn='OK'
2026-03-17 00:54:36,596 [INFO] Auto-dismissed: title='SOLIDWORKS Design' class='#32770' btn='OK'
2026-03-17 00:54:42,917 [INFO] Auto-dismissed: title='SOLIDWORKS Design' class='#32770' btn='OK'
2026-03-17 00:54:51,064 [INFO] Auto-dismissed: title='SOLIDWORKS Design' class='#32770' btn='OK'
2026-03-17 00:55:04,751 [INFO] Auto-dismissed: title='SOLIDWORKS Design' class='#32770' btn='OK'
2026-03-17 00:55:11,101 [INFO] Auto-dismissed: title='SOLIDWORKS Design' class='#32770' btn='OK'
2026-03-17 00:55:19,231 [INFO] Auto-dismissed: title='SOLIDWORKS Design' class='#32770' btn='OK'
2026-03-17 00:55:27,328 [INFO] Auto-dismissed: title='SOLIDWORKS Design' class='#32770' btn='OK'
2026-03-17 00:55:33,501 [INFO] Auto-dismissed: title='SOLIDWORKS Design' class='#32770' btn='OK'
2026-03-17 00:55:39,978 [INFO] Auto-dismissed: title='SOLIDWORKS Design' class='#32770' btn='OK'
2026-03-17 00:55:45,855 [INFO] Auto-dismissed: title='SOLIDWORKS Design' class='#32770' btn='OK'
2026-03-17 00:55:52,353 [INFO] Auto-dismissed: title='SOLIDWORKS Design' class='#32770' btn='OK'
2026-03-17 00:56:00,235 [INFO] Auto-dismissed: title='SOLIDWORKS Design' class='#32770' btn='OK'
2026-03-17 00:56:09,754 [INFO] Auto-dismissed: title='SOLIDWORKS Design' class='#32770' btn='OK'
2026-03-17 00:56:18,216 [INFO] Auto-dismissed: title='SOLIDWORKS Design' class='#32770' btn='OK'
2026-03-17 00:56:24,414 [INFO] Auto-dismissed: title='SOLIDWORKS Design' class='#32770' btn='OK'
2026-03-17 00:56:31,333 [INFO] Auto-dismissed: title='SOLIDWORKS Design' class='#32770' btn='OK'
2026-03-17 00:56:38,207 [INFO] Auto-dismissed: title='SOLIDWORKS Design' class='#32770' btn='OK'
2026-03-17 00:56:53,033 [INFO] Auto-dismissed: title='SOLIDWORKS Design' class='#32770' btn='OK'
2026-03-17 00:57:02,451 [INFO] Auto-dismissed: title='SOLIDWORKS Design' class='#32770' btn='OK'
2026-03-17 00:57:12,418 [INFO] Auto-dismissed: title='SOLIDWORKS Design' class='#32770' btn='OK'
2026-03-17 00:57:30,152 [INFO] Auto-dismissed: title='SOLIDWORKS Design' class='#32770' btn='OK'
2026-03-17 00:57:39,824 [INFO] Auto-dismissed: title='SOLIDWORKS Design' class='#32770' btn='OK'
2026-03-17 00:57:52,054 [INFO] Auto-dismissed: title='SOLIDWORKS Design' class='#32770' btn='OK'
2026-03-17 00:58:01,395 [INFO] Auto-dismissed: title='SOLIDWORKS Design' class='#32770' btn='OK'
2026-03-17 00:58:10,618 [INFO] Auto-dismissed: title='SOLIDWORKS Design' class='#32770' btn='OK'
2026-03-17 00:58:19,850 [INFO] Auto-dismissed: title='SOLIDWORKS Design' class='#32770' btn='OK'
2026-03-17 00:58:29,034 [INFO] Auto-dismissed: title='SOLIDWORKS Design' class='#32770' btn='OK'
2026-03-17 00:58:38,072 [INFO] Auto-dismissed: title='SOLIDWORKS Design' class='#32770' btn='OK'
2026-03-17 00:58:47,294 [INFO] Auto-dismissed: title='SOLIDWORKS Design' class='#32770' btn='OK'
2026-03-17 00:58:56,656 [INFO] Auto-dismissed: title='SOLIDWORKS Design' class='#32770' btn='OK'
2026-03-17 00:59:05,810 [INFO] Auto-dismissed: title='SOLIDWORKS Design' class='#32770' btn='OK'
2026-03-17 00:59:25,625 [INFO] Auto-dismissed: title='SOLIDWORKS Design' class='#32770' btn='OK'
2026-03-17 00:59:44,414 [INFO] Auto-dismissed: title='SOLIDWORKS Design' class='#32770' btn='OK'
2026-03-17 00:59:53,371 [INFO] Auto-dismissed: title='SOLIDWORKS Design' class='#32770' btn='OK'
2026-03-17 01:00:02,948 [INFO] Auto-dismissed: title='SOLIDWORKS Design' class='#32770' btn='OK'
2026-03-17 01:00:12,391 [INFO] Auto-dismissed: title='SOLIDWORKS Design' class='#32770' btn='OK'
2026-03-17 01:00:42,434 [INFO] Auto-dismissed: title='SOLIDWORKS Design' class='#32770' btn='OK'
2026-03-17 01:00:52,199 [INFO] Auto-dismissed: title='SOLIDWORKS Design' class='#32770' btn='OK'
2026-03-17 01:00:56,680 [INFO] Auto-dismissed: title='SOLIDWORKS Design' class='#32770' btn='OK'
2026-03-17 01:01:01,317 [INFO] Auto-dismissed: title='SOLIDWORKS Design' class='#32770' btn='OK'
2026-03-17 01:01:16,406 [INFO] Auto-dismissed: title='SOLIDWORKS Design' class='#32770' btn='OK'
2026-03-17 01:01:27,904 [INFO] Auto-dismissed: title='SOLIDWORKS Design' class='#32770' btn='OK'
2026-03-17 01:01:40,090 [INFO] Auto-dismissed: title='SOLIDWORKS Design' class='#32770' btn='OK'
2026-03-17 01:01:51,351 [INFO] Auto-dismissed: title='SOLIDWORKS Design' class='#32770' btn='OK'
2026-03-17 01:02:04,521 [INFO] Auto-dismissed: title='SOLIDWORKS Design' class='#32770' btn='OK'
2026-03-17 01:02:15,555 [INFO] Auto-dismissed: title='SOLIDWORKS Design' class='#32770' btn='OK'
2026-03-17 01:02:27,113 [INFO] Auto-dismissed: title='SOLIDWORKS Design' class='#32770' btn='OK'
2026-03-17 01:02:50,641 [INFO] Auto-dismissed: title='SOLIDWORKS Design' class='#32770' btn='OK'
2026-03-17 01:03:03,126 [INFO] Auto-dismissed: title='SOLIDWORKS Design' class='#32770' btn='OK'
2026-03-17 01:03:16,871 [INFO] Auto-dismissed: title='SOLIDWORKS Design' class='#32770' btn='OK'
2026-03-17 01:03:30,059 [INFO] Auto-dismissed: title='SOLIDWORKS Design' class='#32770' btn='OK'
2026-03-17 01:03:41,374 [INFO] Auto-dismissed: title='SOLIDWORKS Design' class='#32770' btn='OK'
2026-03-17 01:03:53,026 [INFO] Auto-dismissed: title='SOLIDWORKS Design' class='#32770' btn='OK'
2026-03-17 01:04:05,291 [INFO] Auto-dismissed: title='SOLIDWORKS Design' class='#32770' btn='OK'
2026-03-17 01:04:17,384 [INFO] Auto-dismissed: title='SOLIDWORKS Design' class='#32770' btn='OK'
2026-03-17 01:04:29,211 [INFO] Auto-dismissed: title='SOLIDWORKS Design' class='#32770' btn='OK'
2026-03-17 01:04:40,728 [INFO] Auto-dismissed: title='SOLIDWORKS Design' class='#32770' btn='OK'
2026-03-17 01:04:54,065 [INFO] Auto-dismissed: title='SOLIDWORKS Design' class='#32770' btn='OK'
2026-03-17 01:05:14,281 [INFO] Auto-dismissed: title='SOLIDWORKS Design' class='#32770' btn='OK'
2026-03-17 01:05:25,944 [INFO] Auto-dismissed: title='SOLIDWORKS Design' class='#32770' btn='OK'
2026-03-17 01:05:37,412 [INFO] Auto-dismissed: title='SOLIDWORKS Design' class='#32770' btn='OK'
2026-03-17 01:05:50,336 [INFO] Auto-dismissed: title='SOLIDWORKS Design' class='#32770' btn='OK'
2026-03-17 01:05:54,520 [INFO] Auto-dismissed: title='SOLIDWORKS Design' class='#32770' btn='OK'
2026-03-17 01:05:59,161 [INFO] Auto-dismissed: title='SOLIDWORKS Design' class='#32770' btn='OK'
2026-03-17 01:06:06,013 [INFO] Auto-dismissed: title='SOLIDWORKS Design' class='#32770' btn='OK'
2026-03-17 01:06:12,216 [INFO] Auto-dismissed: title='SOLIDWORKS Design' class='#32770' btn='OK'
2026-03-17 01:06:25,151 [INFO] Auto-dismissed: title='SOLIDWORKS Design' class='#32770' btn='OK'
2026-03-17 01:06:38,254 [INFO] Auto-dismissed: title='SOLIDWORKS Design' class='#32770' btn='OK'
2026-03-17 01:06:44,421 [INFO] Auto-dismissed: title='SOLIDWORKS Design' class='#32770' btn='OK'
2026-03-17 01:06:50,739 [INFO] Auto-dismissed: title='SOLIDWORKS Design' class='#32770' btn='OK'
2026-03-17 01:06:57,186 [INFO] Auto-dismissed: title='SOLIDWORKS Design' class='#32770' btn='OK'
2026-03-17 01:07:09,702 [INFO] Auto-dismissed: title='SOLIDWORKS Design' class='#32770' btn='OK'
2026-03-17 01:07:16,218 [INFO] Auto-dismissed: title='SOLIDWORKS Design' class='#32770' btn='OK'
2026-03-17 01:07:22,579 [INFO] Auto-dismissed: title='SOLIDWORKS Design' class='#32770' btn='OK'
2026-03-17 01:07:29,694 [INFO] Auto-dismissed: title='SOLIDWORKS Design' class='#32770' btn='OK'
2026-03-17 01:07:36,204 [INFO] Auto-dismissed: title='SOLIDWORKS Design' class='#32770' btn='OK'
2026-03-17 01:07:42,246 [INFO] Auto-dismissed: title='SOLIDWORKS Design' class='#32770' btn='OK'
2026-03-17 01:07:48,751 [INFO] Auto-dismissed: title='SOLIDWORKS Design' class='#32770' btn='OK'
2026-03-17 01:07:55,070 [INFO] Auto-dismissed: title='SOLIDWORKS Design' class='#32770' btn='OK'
2026-03-17 01:08:07,882 [INFO] Auto-dismissed: title='SOLIDWORKS Design' class='#32770' btn='OK'
2026-03-17 01:08:13,730 [INFO] Auto-dismissed: title='SOLIDWORKS Design' class='#32770' btn='OK'
2026-03-17 01:08:19,602 [INFO] Auto-dismissed: title='SOLIDWORKS Design' class='#32770' btn='OK'
2026-03-17 01:08:25,946 [INFO] Auto-dismissed: title='SOLIDWORKS Design' class='#32770' btn='OK'
2026-03-17 01:08:32,396 [INFO] Auto-dismissed: title='SOLIDWORKS Design' class='#32770' btn='OK'
2026-03-17 01:08:39,286 [INFO] Auto-dismissed: title='SOLIDWORKS Design' class='#32770' btn='OK'
2026-03-17 01:08:48,393 [INFO] Auto-dismissed: title='SOLIDWORKS Design' class='#32770' btn='OK'
2026-03-17 01:09:08,707 [INFO] Auto-dismissed: title='SOLIDWORKS Design' class='#32770' btn='OK'
2026-03-17 01:09:28,418 [INFO] Auto-dismissed: title='SOLIDWORKS Design' class='#32770' btn='OK'
2026-03-17 01:09:49,765 [INFO] Auto-dismissed: title='SOLIDWORKS Design' class='#32770' btn='OK'
2026-03-17 01:10:13,887 [INFO] Auto-dismissed: title='SOLIDWORKS Design' class='#32770' btn='OK'
2026-03-17 01:10:34,053 [INFO] Auto-dismissed: title='SOLIDWORKS Design' class='#32770' btn='OK'
2026-03-17 01:10:55,543 [INFO] Auto-dismissed: title='SOLIDWORKS Design' class='#32770' btn='OK'
2026-03-17 01:11:17,505 [INFO] Auto-dismissed: title='SOLIDWORKS Design' class='#32770' btn='OK'
2026-03-17 01:11:37,859 [INFO] Auto-dismissed: title='SOLIDWORKS Design' class='#32770' btn='OK'
2026-03-17 01:11:58,735 [INFO] Auto-dismissed: title='SOLIDWORKS Design' class='#32770' btn='OK'
2026-03-17 01:12:18,933 [INFO] Auto-dismissed: title='SOLIDWORKS Design' class='#32770' btn='OK'
2026-03-17 01:12:38,501 [INFO] Auto-dismissed: title='SOLIDWORKS Design' class='#32770' btn='OK'
2026-03-17 01:12:57,988 [INFO] Auto-dismissed: title='SOLIDWORKS Design' class='#32770' btn='OK'
2026-03-17 01:13:17,094 [INFO] Auto-dismissed: title='SOLIDWORKS Design' class='#32770' btn='OK'
2026-03-17 01:13:58,464 [INFO] Auto-dismissed: title='SOLIDWORKS Design' class='#32770' btn='OK'
2026-03-17 01:14:39,011 [INFO] Auto-dismissed: title='SOLIDWORKS Design' class='#32770' btn='OK'
2026-03-17 01:16:00,258 [INFO] Auto-dismissed: title='SOLIDWORKS Design' class='#32770' btn='OK'
2026-03-17 01:16:53,221 [INFO] Auto-dismissed: title='SOLIDWORKS Design' class='#32770' btn='OK'
2026-03-17 01:18:03,596 [INFO] Auto-dismissed: title='SOLIDWORKS Design' class='#32770' btn='OK'
2026-03-17 01:19:22,130 [INFO] Auto-dismissed: title='SOLIDWORKS Design' class='#32770' btn='OK'
2026-03-17 01:20:31,550 [INFO] Auto-dismissed: title='SOLIDWORKS Design' class='#32770' btn='OK'
2026-03-17 01:21:42,477 [INFO] Auto-dismissed: title='SOLIDWORKS Design' class='#32770' btn='OK'
2026-03-17 01:23:16,131 [INFO] Auto-dismissed: title='SOLIDWORKS Design' class='#32770' btn='OK'
2026-03-17 01:24:14,286 [INFO] Auto-dismissed: title='SOLIDWORKS Design' class='#32770' btn='OK'
2026-03-17 01:24:18,647 [INFO] Auto-dismissed: title='SOLIDWORKS Design' class='#32770' btn='OK'
2026-03-17 01:24:23,349 [INFO] Auto-dismissed: title='SOLIDWORKS Design' class='#32770' btn='OK'
2026-03-17 01:25:49,072 [INFO] Auto-dismissed: title='SOLIDWORKS Design' class='#32770' btn='OK'
2026-03-17 01:27:11,091 [INFO] Auto-dismissed: title='SOLIDWORKS Design' class='#32770' btn='OK'
2026-03-17 01:30:36,276 [INFO] Auto-dismissed: title='SOLIDWORKS Design' class='#32770' btn='OK'
2026-03-17 01:31:29,705 [INFO] Auto-dismissed: title='SOLIDWORKS Design' class='#32770' btn='OK'
2026-03-17 01:32:54,954 [INFO] Auto-dismissed: title='SOLIDWORKS Design' class='#32770' btn='OK'
2026-03-17 01:34:09,914 [INFO] Auto-dismissed: title='SOLIDWORKS Design' class='#32770' btn='OK'
2026-03-17 01:35:34,897 [INFO] Auto-dismissed: title='SOLIDWORKS Design' class='#32770' btn='OK'
2026-03-17 01:36:37,692 [INFO] Auto-dismissed: title='SOLIDWORKS Design' class='#32770' btn='OK'
2026-03-17 01:37:37,419 [INFO] Auto-dismissed: title='SOLIDWORKS Design' class='#32770' btn='OK'
2026-03-17 01:38:50,890 [INFO] Auto-dismissed: title='SOLIDWORKS Design' class='#32770' btn='OK'
2026-03-17 01:39:30,964 [INFO] Auto-dismissed: title='SOLIDWORKS Design' class='#32770' btn='OK'
2026-03-17 01:41:52,427 [INFO] Auto-dismissed: title='SOLIDWORKS Design' class='#32770' btn='OK'
2026-03-17 01:43:08,452 [INFO] Auto-dismissed: title='SOLIDWORKS Design' class='#32770' btn='OK'
2026-03-17 01:44:06,287 [INFO] Auto-dismissed: title='SOLIDWORKS Design' class='#32770' btn='OK'
2026-03-17 01:45:15,049 [INFO] Auto-dismissed: title='SOLIDWORKS Design' class='#32770' btn='OK'
2026-03-17 01:46:26,543 [INFO] Auto-dismissed: title='SOLIDWORKS Design' class='#32770' btn='OK'
2026-03-17 01:48:39,811 [INFO] Auto-dismissed: title='SOLIDWORKS Design' class='#32770' btn='OK'
2026-03-17 01:49:53,244 [INFO] Auto-dismissed: title='SOLIDWORKS Design' class='#32770' btn='OK'
2026-03-17 01:51:08,624 [INFO] Auto-dismissed: title='SOLIDWORKS Design' class='#32770' btn='OK'
2026-03-17 01:52:33,292 [INFO] Auto-dismissed: title='SOLIDWORKS Design' class='#32770' btn='OK'
2026-03-17 01:53:58,690 [INFO] Auto-dismissed: title='SOLIDWORKS Design' class='#32770' btn='OK'
2026-03-17 01:54:21,070 [INFO] Auto-dismissed: title='SOLIDWORKS Design' class='#32770' btn='OK'
2026-03-17 01:54:39,842 [INFO] Auto-dismissed: title='SOLIDWORKS Design' class='#32770' btn='OK'
2026-03-17 01:55:13,231 [INFO] Auto-dismissed: title='SOLIDWORKS Design' class='#32770' btn='OK'
2026-03-17 01:55:36,344 [INFO] Auto-dismissed: title='SOLIDWORKS Design' class='#32770' btn='OK'
2026-03-17 01:55:56,816 [INFO] Auto-dismissed: title='SOLIDWORKS Design' class='#32770' btn='OK'
2026-03-17 01:56:17,450 [INFO] Auto-dismissed: title='SOLIDWORKS Design' class='#32770' btn='OK'
2026-03-17 01:56:35,375 [INFO] Auto-dismissed: title='SOLIDWORKS Design' class='#32770' btn='OK'
2026-03-17 01:57:04,385 [INFO] Auto-dismissed: title='SOLIDWORKS Design' class='#32770' btn='OK'
2026-03-17 01:57:21,287 [INFO] Auto-dismissed: title='SOLIDWORKS Design' class='#32770' btn='OK'
2026-03-17 01:57:41,398 [INFO] Auto-dismissed: title='SOLIDWORKS Design' class='#32770' btn='OK'
2026-03-17 01:58:09,427 [INFO] Auto-dismissed: title='SOLIDWORKS Design' class='#32770' btn='OK'
2026-03-17 01:58:30,282 [INFO] Auto-dismissed: title='SOLIDWORKS Design' class='#32770' btn='OK'
2026-03-17 01:59:18,443 [INFO] Auto-dismissed: title='SOLIDWORKS Design' class='#32770' btn='OK'
2026-03-17 01:59:34,600 [INFO] Auto-dismissed: title='SOLIDWORKS Design' class='#32770' btn='OK'
2026-03-17 01:59:52,968 [INFO] Auto-dismissed: title='SOLIDWORKS Design' class='#32770' btn='OK'
2026-03-17 02:00:30,673 [INFO] Auto-dismissed: title='SOLIDWORKS Design' class='#32770' btn='OK'
2026-03-17 02:01:00,651 [INFO] Auto-dismissed: title='SOLIDWORKS Design' class='#32770' btn='OK'
2026-03-17 02:01:39,282 [INFO] Auto-dismissed: title='SOLIDWORKS Design' class='#32770' btn='OK'
2026-03-17 02:01:55,270 [INFO] Auto-dismissed: title='SOLIDWORKS Design' class='#32770' btn='OK'
2026-03-17 02:02:32,692 [INFO] Auto-dismissed: title='SOLIDWORKS Design' class='#32770' btn='OK'
2026-03-17 02:02:52,734 [INFO] Auto-dismissed: title='SOLIDWORKS Design' class='#32770' btn='OK'
2026-03-17 02:03:20,484 [INFO] Auto-dismissed: title='SOLIDWORKS Design' class='#32770' btn='OK'
2026-03-17 02:03:46,089 [INFO] Auto-dismissed: title='SOLIDWORKS Design' class='#32770' btn='OK'
2026-03-17 02:04:46,808 [INFO] Auto-dismissed: title='SOLIDWORKS Design' class='#32770' btn='OK'
2026-03-17 02:05:44,666 [INFO] Auto-dismissed: title='SOLIDWORKS Design' class='#32770' btn='OK'
2026-03-17 02:06:27,385 [INFO] Auto-dismissed: title='SOLIDWORKS Design' class='#32770' btn='OK'
2026-03-17 02:07:14,672 [INFO] Auto-dismissed: title='SOLIDWORKS Design' class='#32770' btn='OK'
2026-03-17 02:08:03,384 [INFO] Auto-dismissed: title='SOLIDWORKS Design' class='#32770' btn='OK'
2026-03-17 02:08:43,904 [INFO] Auto-dismissed: title='SOLIDWORKS Design' class='#32770' btn='OK'
2026-03-17 02:11:06,937 [INFO] Auto-dismissed: title='SOLIDWORKS Design' class='#32770' btn='OK'
2026-03-17 02:11:59,928 [INFO] Auto-dismissed: title='SOLIDWORKS Design' class='#32770' btn='OK'
2026-03-17 02:12:41,795 [INFO] Auto-dismissed: title='SOLIDWORKS Design' class='#32770' btn='OK'
2026-03-17 02:13:45,437 [INFO] Auto-dismissed: title='SOLIDWORKS Design' class='#32770' btn='OK'
2026-03-17 02:14:32,000 [INFO] Auto-dismissed: title='SOLIDWORKS Design' class='#32770' btn='OK'
2026-03-17 02:15:23,353 [INFO] Auto-dismissed: title='SOLIDWORKS Design' class='#32770' btn='OK'
2026-03-17 02:16:08,941 [INFO] Auto-dismissed: title='SOLIDWORKS Design' class='#32770' btn='OK'
2026-03-17 02:16:53,124 [INFO] Auto-dismissed: title='SOLIDWORKS Design' class='#32770' btn='OK'
2026-03-17 02:17:54,743 [INFO] Auto-dismissed: title='SOLIDWORKS Design' class='#32770' btn='OK'
2026-03-17 02:18:38,095 [INFO] Auto-dismissed: title='SOLIDWORKS Design' class='#32770' btn='OK'
2026-03-17 02:19:37,213 [INFO] Auto-dismissed: title='SOLIDWORKS Design' class='#32770' btn='OK'
2026-03-17 02:20:42,585 [INFO] Auto-dismissed: title='SOLIDWORKS Design' class='#32770' btn='OK'
2026-03-17 02:22:19,165 [INFO] Auto-dismissed: title='SOLIDWORKS Design' class='#32770' btn='OK'
2026-03-17 02:23:09,275 [INFO] Auto-dismissed: title='SOLIDWORKS Design' class='#32770' btn='OK'
2026-03-17 02:23:57,194 [INFO] Auto-dismissed: title='SOLIDWORKS Design' class='#32770' btn='OK'
2026-03-17 02:24:01,540 [INFO] Auto-dismissed: title='SOLIDWORKS Design' class='#32770' btn='OK'
2026-03-17 02:24:06,247 [INFO] Auto-dismissed: title='SOLIDWORKS Design' class='#32770' btn='OK'
2026-03-17 02:24:35,511 [INFO] Auto-dismissed: title='SOLIDWORKS Design' class='#32770' btn='OK'
2026-03-17 02:25:27,703 [INFO] Auto-dismissed: title='SOLIDWORKS Design' class='#32770' btn='OK'
2026-03-17 02:25:52,437 [INFO] Auto-dismissed: title='SOLIDWORKS Design' class='#32770' btn='OK'
2026-03-17 02:26:18,977 [INFO] Auto-dismissed: title='SOLIDWORKS Design' class='#32770' btn='OK'
2026-03-17 02:26:54,147 [INFO] Auto-dismissed: title='SOLIDWORKS Design' class='#32770' btn='OK'
2026-03-17 02:27:32,003 [INFO] Auto-dismissed: title='SOLIDWORKS Design' class='#32770' btn='OK'
2026-03-17 02:27:57,438 [INFO] Auto-dismissed: title='SOLIDWORKS Design' class='#32770' btn='OK'
2026-03-17 02:28:24,635 [INFO] Auto-dismissed: title='SOLIDWORKS Design' class='#32770' btn='OK'
2026-03-17 02:28:56,524 [INFO] Auto-dismissed: title='SOLIDWORKS Design' class='#32770' btn='OK'
2026-03-17 02:29:19,410 [INFO] Auto-dismissed: title='SOLIDWORKS Design' class='#32770' btn='OK'
2026-03-17 02:30:03,449 [INFO] Auto-dismissed: title='SOLIDWORKS Design' class='#32770' btn='OK'
2026-03-17 02:30:25,140 [INFO] Auto-dismissed: title='SOLIDWORKS Design' class='#32770' btn='OK'
2026-03-17 02:30:55,513 [INFO] Auto-dismissed: title='SOLIDWORKS Design' class='#32770' btn='OK'
2026-03-17 02:31:21,674 [INFO] Auto-dismissed: title='SOLIDWORKS Design' class='#32770' btn='OK'
2026-03-17 02:32:21,473 [INFO] Auto-dismissed: title='SOLIDWORKS Design' class='#32770' btn='OK'
2026-03-17 02:32:48,156 [INFO] Auto-dismissed: title='SOLIDWORKS Design' class='#32770' btn='OK'
2026-03-17 02:33:16,117 [INFO] Auto-dismissed: title='SOLIDWORKS Design' class='#32770' btn='OK'
2026-03-17 02:33:40,383 [INFO] Auto-dismissed: title='SOLIDWORKS Design' class='#32770' btn='OK'
2026-03-17 02:34:09,719 [INFO] Auto-dismissed: title='SOLIDWORKS Design' class='#32770' btn='OK'
2026-03-17 02:34:39,357 [INFO] Auto-dismissed: title='SOLIDWORKS Design' class='#32770' btn='OK'
2026-03-17 02:35:14,563 [INFO] Auto-dismissed: title='SOLIDWORKS Design' class='#32770' btn='OK'
2026-03-17 02:35:45,479 [INFO] Auto-dismissed: title='SOLIDWORKS Design' class='#32770' btn='OK'
2026-03-17 02:36:16,438 [INFO] Auto-dismissed: title='SOLIDWORKS Design' class='#32770' btn='OK'
2026-03-17 02:36:46,088 [INFO] Auto-dismissed: title='SOLIDWORKS Design' class='#32770' btn='OK'
2026-03-17 02:36:51,033 [INFO] Auto-dismissed: title='SOLIDWORKS Design' class='#32770' btn='OK'
2026-03-17 02:37:37,112 [INFO] Auto-dismissed: title='SOLIDWORKS Design' class='#32770' btn='OK'
2026-03-17 02:38:32,563 [INFO] Auto-dismissed: title='SOLIDWORKS Design' class='#32770' btn='OK'
2026-03-17 02:39:29,942 [INFO] Auto-dismissed: title='SOLIDWORKS Design' class='#32770' btn='OK'
2026-03-17 02:40:28,770 [INFO] Auto-dismissed: title='SOLIDWORKS Design' class='#32770' btn='OK'
2026-03-17 02:41:19,745 [INFO] Auto-dismissed: title='SOLIDWORKS Design' class='#32770' btn='OK'
2026-03-17 02:42:02,059 [INFO] Auto-dismissed: title='SOLIDWORKS Design' class='#32770' btn='OK'
2026-03-17 02:42:46,330 [INFO] Auto-dismissed: title='SOLIDWORKS Design' class='#32770' btn='OK'
2026-03-17 02:43:57,604 [INFO] Auto-dismissed: title='SOLIDWORKS Design' class='#32770' btn='OK'
2026-03-17 02:45:58,456 [INFO] Auto-dismissed: title='SOLIDWORKS Design' class='#32770' btn='OK'
2026-03-17 02:47:39,810 [INFO] Auto-dismissed: title='SOLIDWORKS Design' class='#32770' btn='OK'
2026-03-17 02:48:26,294 [INFO] Auto-dismissed: title='SOLIDWORKS Design' class='#32770' btn='OK'
2026-03-17 02:49:18,571 [INFO] Auto-dismissed: title='SOLIDWORKS Design' class='#32770' btn='OK'
2026-03-17 02:50:21,267 [INFO] Auto-dismissed: title='SOLIDWORKS Design' class='#32770' btn='OK'
2026-03-17 02:51:20,235 [INFO] Auto-dismissed: title='SOLIDWORKS Design' class='#32770' btn='OK'
2026-03-17 02:52:08,986 [INFO] Auto-dismissed: title='SOLIDWORKS Design' class='#32770' btn='OK'
2026-03-17 02:53:00,989 [INFO] Auto-dismissed: title='SOLIDWORKS Design' class='#32770' btn='OK'
2026-03-17 02:55:10,720 [INFO] Auto-dismissed: title='SOLIDWORKS Design' class='#32770' btn='OK'
2026-03-17 02:56:30,967 [INFO] Auto-dismissed: title='SOLIDWORKS Design' class='#32770' btn='OK'
2026-03-17 02:57:21,045 [INFO] Auto-dismissed: title='SOLIDWORKS Design' class='#32770' btn='OK'
2026-03-17 02:58:19,194 [INFO] Auto-dismissed: title='SOLIDWORKS Design' class='#32770' btn='OK'
2026-03-17 02:59:17,405 [INFO] Auto-dismissed: title='SOLIDWORKS Design' class='#32770' btn='OK'
2026-03-17 02:59:22,359 [INFO] Auto-dismissed: title='SOLIDWORKS Design' class='#32770' btn='OK'
2026-03-17 02:59:27,819 [INFO] Auto-dismissed: title='SOLIDWORKS Design' class='#32770' btn='OK'
2026-03-17 02:59:59,212 [INFO] Auto-dismissed: title='SOLIDWORKS Design' class='#32770' btn='OK'
2026-03-17 03:00:40,077 [INFO] Auto-dismissed: title='SOLIDWORKS Design' class='#32770' btn='OK'
2026-03-17 03:01:10,823 [INFO] Auto-dismissed: title='SOLIDWORKS Design' class='#32770' btn='OK'
2026-03-17 03:01:58,876 [INFO] Auto-dismissed: title='SOLIDWORKS Design' class='#32770' btn='OK'
2026-03-17 03:02:34,072 [INFO] Auto-dismissed: title='SOLIDWORKS Design' class='#32770' btn='OK'
2026-03-17 03:03:05,321 [INFO] Auto-dismissed: title='SOLIDWORKS Design' class='#32770' btn='OK'
2026-03-17 03:04:19,298 [INFO] Auto-dismissed: title='SOLIDWORKS Design' class='#32770' btn='OK'
2026-03-17 03:04:55,985 [INFO] Auto-dismissed: title='SOLIDWORKS Design' class='#32770' btn='OK'
2026-03-17 03:06:18,187 [INFO] Auto-dismissed: title='SOLIDWORKS Design' class='#32770' btn='OK'
2026-03-17 03:07:17,977 [INFO] Auto-dismissed: title='SOLIDWORKS Design' class='#32770' btn='OK'
2026-03-17 03:07:58,872 [INFO] Auto-dismissed: title='SOLIDWORKS Design' class='#32770' btn='OK'
2026-03-17 03:08:29,043 [INFO] Auto-dismissed: title='SOLIDWORKS Design' class='#32770' btn='OK'
2026-03-17 03:09:24,794 [INFO] Auto-dismissed: title='SOLIDWORKS Design' class='#32770' btn='OK'
2026-03-17 03:09:53,528 [INFO] Auto-dismissed: title='SOLIDWORKS Design' class='#32770' btn='OK'
2026-03-17 03:10:34,000 [INFO] Auto-dismissed: title='SOLIDWORKS Design' class='#32770' btn='OK'
2026-03-17 03:11:06,542 [INFO] Auto-dismissed: title='SOLIDWORKS Design' class='#32770' btn='OK'
2026-03-17 03:11:40,065 [INFO] Auto-dismissed: title='SOLIDWORKS Design' class='#32770' btn='OK'
2026-03-17 03:12:25,230 [INFO] Auto-dismissed: title='SOLIDWORKS Design' class='#32770' btn='OK'
2026-03-17 03:13:38,129 [INFO] Auto-dismissed: title='SOLIDWORKS Design' class='#32770' btn='OK'
2026-03-17 03:14:46,192 [INFO] Auto-dismissed: title='SOLIDWORKS Design' class='#32770' btn='OK'
2026-03-17 03:15:44,215 [INFO] Auto-dismissed: title='SOLIDWORKS Design' class='#32770' btn='OK'
2026-03-17 03:15:48,560 [INFO] Auto-dismissed: title='SOLIDWORKS Design' class='#32770' btn='OK'
2026-03-17 03:15:53,224 [INFO] Auto-dismissed: title='SOLIDWORKS Design' class='#32770' btn='OK'
2026-03-17 03:16:09,529 [INFO] Auto-dismissed: title='SOLIDWORKS Design' class='#32770' btn='OK'
2026-03-17 03:16:22,452 [INFO] Auto-dismissed: title='SOLIDWORKS Design' class='#32770' btn='OK'
2026-03-17 03:16:37,781 [INFO] Auto-dismissed: title='SOLIDWORKS Design' class='#32770' btn='OK'
2026-03-17 03:16:50,702 [INFO] Auto-dismissed: title='SOLIDWORKS Design' class='#32770' btn='OK'
2026-03-17 03:17:06,982 [INFO] Auto-dismissed: title='SOLIDWORKS Design' class='#32770' btn='OK'
2026-03-17 03:17:22,958 [INFO] Auto-dismissed: title='SOLIDWORKS Design' class='#32770' btn='OK'
2026-03-17 03:17:42,800 [INFO] Auto-dismissed: title='SOLIDWORKS Design' class='#32770' btn='OK'
2026-03-17 03:17:56,487 [INFO] Auto-dismissed: title='SOLIDWORKS Design' class='#32770' btn='OK'
2026-03-17 03:18:11,926 [INFO] Auto-dismissed: title='SOLIDWORKS Design' class='#32770' btn='OK'
2026-03-17 03:18:26,321 [INFO] Auto-dismissed: title='SOLIDWORKS Design' class='#32770' btn='OK'
2026-03-17 03:19:05,155 [INFO] Auto-dismissed: title='SOLIDWORKS Design' class='#32770' btn='OK'
2026-03-17 03:19:19,716 [INFO] Auto-dismissed: title='SOLIDWORKS Design' class='#32770' btn='OK'
2026-03-17 03:19:34,303 [INFO] Auto-dismissed: title='SOLIDWORKS Design' class='#32770' btn='OK'
2026-03-17 03:19:50,221 [INFO] Auto-dismissed: title='SOLIDWORKS Design' class='#32770' btn='OK'
2026-03-17 03:20:08,812 [INFO] Auto-dismissed: title='SOLIDWORKS Design' class='#32770' btn='OK'
2026-03-17 03:20:24,429 [INFO] Auto-dismissed: title='SOLIDWORKS Design' class='#32770' btn='OK'
2026-03-17 03:20:51,143 [INFO] Auto-dismissed: title='SOLIDWORKS Design' class='#32770' btn='OK'
2026-03-17 03:21:03,866 [INFO] Auto-dismissed: title='SOLIDWORKS Design' class='#32770' btn='OK'
2026-03-17 03:21:18,482 [INFO] Auto-dismissed: title='SOLIDWORKS Design' class='#32770' btn='OK'
2026-03-17 03:22:10,268 [INFO] Auto-dismissed: title='SOLIDWORKS Design' class='#32770' btn='OK'
2026-03-17 03:22:23,138 [INFO] Auto-dismissed: title='SOLIDWORKS Design' class='#32770' btn='OK'
2026-03-17 03:22:36,734 [INFO] Auto-dismissed: title='SOLIDWORKS Design' class='#32770' btn='OK'
2026-03-17 03:22:49,164 [INFO] Auto-dismissed: title='SOLIDWORKS Design' class='#32770' btn='OK'
2026-03-17 03:22:55,061 [INFO] Auto-dismissed: title='SOLIDWORKS Design' class='#32770' btn='OK'
2026-03-17 03:22:59,647 [INFO] Auto-dismissed: title='SOLIDWORKS Design' class='#32770' btn='OK'
2026-03-17 03:23:22,935 [INFO] Auto-dismissed: title='SOLIDWORKS Design' class='#32770' btn='OK'
2026-03-17 03:23:44,529 [INFO] Auto-dismissed: title='SOLIDWORKS Design' class='#32770' btn='OK'
2026-03-17 03:24:12,640 [INFO] Auto-dismissed: title='SOLIDWORKS Design' class='#32770' btn='OK'
2026-03-17 03:24:34,762 [INFO] Auto-dismissed: title='SOLIDWORKS Design' class='#32770' btn='OK'
2026-03-17 03:25:00,533 [INFO] Auto-dismissed: title='SOLIDWORKS Design' class='#32770' btn='OK'
2026-03-17 03:25:21,561 [INFO] Auto-dismissed: title='SOLIDWORKS Design' class='#32770' btn='OK'
2026-03-17 03:26:04,379 [INFO] Auto-dismissed: title='SOLIDWORKS Design' class='#32770' btn='OK'
2026-03-17 03:26:23,173 [INFO] Auto-dismissed: title='SOLIDWORKS Design' class='#32770' btn='OK'
2026-03-17 03:26:53,196 [INFO] Auto-dismissed: title='SOLIDWORKS Design' class='#32770' btn='OK'
2026-03-17 03:27:28,026 [INFO] Auto-dismissed: title='SOLIDWORKS Design' class='#32770' btn='OK'
2026-03-17 03:28:04,219 [INFO] Auto-dismissed: title='SOLIDWORKS Design' class='#32770' btn='OK'
2026-03-17 03:28:26,241 [INFO] Auto-dismissed: title='SOLIDWORKS Design' class='#32770' btn='OK'
2026-03-17 03:28:47,259 [INFO] Auto-dismissed: title='SOLIDWORKS Design' class='#32770' btn='OK'
2026-03-17 03:29:09,159 [INFO] Auto-dismissed: title='SOLIDWORKS Design' class='#32770' btn='OK'
2026-03-17 03:29:29,686 [INFO] Auto-dismissed: title='SOLIDWORKS Design' class='#32770' btn='OK'
2026-03-17 03:29:57,517 [INFO] Auto-dismissed: title='SOLIDWORKS Design' class='#32770' btn='OK'
2026-03-17 03:30:28,178 [INFO] Auto-dismissed: title='SOLIDWORKS Design' class='#32770' btn='OK'
2026-03-17 03:30:47,660 [INFO] Auto-dismissed: title='SOLIDWORKS Design' class='#32770' btn='OK'
2026-03-17 03:31:41,102 [INFO] Auto-dismissed: title='SOLIDWORKS Design' class='#32770' btn='OK'
2026-03-17 03:32:02,023 [INFO] Auto-dismissed: title='SOLIDWORKS Design' class='#32770' btn='OK'
2026-03-17 03:32:20,557 [INFO] Auto-dismissed: title='SOLIDWORKS Design' class='#32770' btn='OK'
2026-03-17 08:58:48,484 [INFO] Auto-dismissed: title='SOLIDWORKS Design' class='#32770' btn='OK'
2026-03-17 08:58:48,919 [INFO] Auto-dismissed: title='SOLIDWORKS Design' class='#32770' btn='OK'
2026-03-17 08:58:49,510 [INFO] Auto-dismissed: title='SOLIDWORKS Design' class='#32770' btn='OK'
2026-03-17 08:59:35,430 [INFO] Auto-dismissed: title='SOLIDWORKS Design' class='#32770' btn='OK'
2026-03-17 09:14:56,968 [INFO] Auto-dismissed: title='SOLIDWORKS Design' class='#32770' btn='OK'
2026-03-17 09:15:06,245 [INFO] Auto-dismissed: title='SOLIDWORKS Design' class='#32770' btn='OK'
2026-03-17 09:17:25,292 [INFO] Auto-dismissed: title='SOLIDWORKS Design' class='#32770' btn='OK'
2026-03-17 09:17:58,165 [INFO] Auto-dismissed: title='SOLIDWORKS Design' class='#32770' btn='OK'
2026-03-17 10:06:07,962 [INFO] Auto-dismissed: title='SOLIDWORKS Design' class='#32770' btn='OK'
2026-03-17 10:09:37,839 [INFO] Auto-dismissed: title='SOLIDWORKS Design' class='#32770' btn='OK'
2026-03-17 10:11:40,797 [INFO] Auto-dismissed: title='SOLIDWORKS Design' class='#32770' btn='OK'
2026-03-17 10:12:57,238 [INFO] Auto-dismissed: title='SOLIDWORKS Design' class='#32770' btn='OK'
2026-03-17 10:17:09,235 [INFO] Auto-dismissed: title='SOLIDWORKS Design' class='#32770' btn='OK'
2026-03-17 10:17:09,494 [INFO] Auto-dismissed: title='SOLIDWORKS Design' class='#32770' btn='OK'
2026-03-17 10:18:20,872 [INFO] Auto-dismissed: title='SOLIDWORKS Design' class='#32770' btn='OK'
2026-03-17 10:18:21,036 [INFO] Auto-dismissed: title='SOLIDWORKS Design' class='#32770' btn='OK'
2026-03-17 10:21:31,540 [INFO] Auto-dismissed: title='SOLIDWORKS Design' class='#32770' btn='OK'
2026-03-17 10:21:31,914 [INFO] Auto-dismissed: title='SOLIDWORKS Design' class='#32770' btn='OK'
2026-03-17 10:25:44,389 [INFO] Auto-dismissed: title='SOLIDWORKS Design' class='#32770' btn='OK'
2026-03-17 10:26:51,625 [INFO] Auto-dismissed: title='SOLIDWORKS Design' class='#32770' btn='OK'
2026-03-17 10:28:30,789 [INFO] Auto-dismissed: title='SOLIDWORKS Design' class='#32770' btn='OK'
2026-03-17 10:30:33,892 [INFO] Auto-dismissed: title='SOLIDWORKS Design' class='#32770' btn='OK'
2026-03-17 10:30:34,050 [INFO] Auto-dismissed: title='SOLIDWORKS Design' class='#32770' btn='OK'
2026-03-17 10:30:34,203 [INFO] Auto-dismissed: title='SOLIDWORKS Design' class='#32770' btn='OK'
2026-03-17 10:30:34,356 [INFO] Auto-dismissed: title='SOLIDWORKS Design' class='#32770' btn='OK'
2026-03-17 10:30:34,511 [INFO] Auto-dismissed: title='SOLIDWORKS Design' class='#32770' btn='OK'
2026-03-17 10:30:34,664 [INFO] Auto-dismissed: title='SOLIDWORKS Design' class='#32770' btn='OK'
2026-03-17 10:30:34,818 [INFO] Auto-dismissed: title='SOLIDWORKS Design' class='#32770' btn='OK'
2026-03-17 10:30:34,972 [INFO] Auto-dismissed: title='SOLIDWORKS Design' class='#32770' btn='OK'
2026-03-17 10:30:35,127 [INFO] Auto-dismissed: title='SOLIDWORKS Design' class='#32770' btn='OK'
2026-03-17 10:30:35,299 [INFO] Auto-dismissed: title='SOLIDWORKS Design' class='#32770' btn='OK'
2026-03-17 10:31:25,254 [INFO] Auto-dismissed: title='SOLIDWORKS Design' class='#32770' btn='OK'
2026-03-17 10:33:23,218 [INFO] Auto-dismissed: title='SOLIDWORKS Design' class='#32770' btn='OK'
2026-03-17 10:37:36,231 [INFO] Auto-dismissed: title='SOLIDWORKS Design' class='#32770' btn='OK'
2026-03-17 10:39:03,010 [INFO] Auto-dismissed: title='SOLIDWORKS Design' class='#32770' btn='OK'
2026-03-17 10:39:59,386 [INFO] Auto-dismissed: title='SOLIDWORKS Design' class='#32770' btn='OK'
2026-03-17 10:40:50,628 [INFO] Auto-dismissed: title='SOLIDWORKS Design' class='#32770' btn='OK'
2026-03-17 10:43:09,519 [INFO] Auto-dismissed: title='SOLIDWORKS Design' class='#32770' btn='OK'
2026-03-17 10:43:09,741 [INFO] Auto-dismissed: title='SOLIDWORKS Design' class='#32770' btn='OK'
2026-03-17 10:44:04,491 [INFO] Auto-dismissed: title='SOLIDWORKS Design' class='#32770' btn='OK'
2026-03-17 10:44:04,755 [INFO] Auto-dismissed: title='SOLIDWORKS Design' class='#32770' btn='OK'
2026-03-17 10:47:47,299 [INFO] Auto-dismissed: title='SOLIDWORKS Design' class='#32770' btn='OK'
2026-03-17 10:47:47,489 [INFO] Auto-dismissed: title='SOLIDWORKS Design' class='#32770' btn='OK'
2026-03-17 10:52:38,854 [INFO] Auto-dismissed: title='SOLIDWORKS Design' class='#32770' btn='OK'
2026-03-17 10:52:39,097 [INFO] Auto-dismissed: title='SOLIDWORKS Design' class='#32770' btn='OK'
2026-03-17 10:54:18,805 [INFO] Auto-dismissed: title='SOLIDWORKS Design' class='#32770' btn='OK'
2026-03-17 10:54:18,998 [INFO] Auto-dismissed: title='SOLIDWORKS Design' class='#32770' btn='OK'
2026-03-17 10:56:59,832 [INFO] Auto-dismissed: title='SOLIDWORKS Design' class='#32770' btn='OK'
2026-03-17 11:02:12,746 [INFO] Auto-dismissed: title='SOLIDWORKS Design' class='#32770' btn='OK'
2026-03-17 11:03:14,951 [INFO] Auto-dismissed: title='SOLIDWORKS Design' class='#32770' btn='OK'
2026-03-17 11:03:40,620 [INFO] Auto-dismissed: title='SOLIDWORKS Design' class='#32770' btn='OK'
2026-03-17 11:07:09,266 [INFO] Auto-dismissed: title='SOLIDWORKS Design' class='#32770' btn='OK'
2026-03-17 11:12:19,924 [INFO] Auto-dismissed: title='SOLIDWORKS Design' class='#32770' btn='OK'
2026-03-17 11:12:20,159 [INFO] Auto-dismissed: title='SOLIDWORKS Design' class='#32770' btn='OK'
2026-03-17 11:15:21,874 [INFO] Auto-dismissed: title='SOLIDWORKS Design' class='#32770' btn='OK'
2026-03-17 11:15:22,125 [INFO] Auto-dismissed: title='SOLIDWORKS Design' class='#32770' btn='OK'
2026-03-17 11:15:49,644 [INFO] Auto-dismissed: title='SOLIDWORKS Design' class='#32770' btn='OK'
2026-03-17 11:15:49,806 [INFO] Auto-dismissed: title='SOLIDWORKS Design' class='#32770' btn='OK'
2026-03-17 11:16:46,113 [INFO] Auto-dismissed: title='SOLIDWORKS Design' class='#32770' btn='OK'
2026-03-17 11:18:30,225 [INFO] Auto-dismissed: title='SOLIDWORKS Design' class='#32770' btn='OK'
2026-03-17 11:18:30,445 [INFO] Auto-dismissed: title='SOLIDWORKS Design' class='#32770' btn='OK'
2026-03-17 11:20:23,022 [INFO] Auto-dismissed: title='SOLIDWORKS Design' class='#32770' btn='OK'
2026-03-17 11:21:05,419 [INFO] Auto-dismissed: title='SOLIDWORKS Design' class='#32770' btn='OK'
2026-03-17 11:21:05,580 [INFO] Auto-dismissed: title='SOLIDWORKS Design' class='#32770' btn='OK'
2026-03-17 11:22:49,769 [INFO] Auto-dismissed: title='SOLIDWORKS Design' class='#32770' btn='OK'
2026-03-17 11:23:02,757 [INFO] Auto-dismissed: title='SOLIDWORKS Design' class='#32770' btn='OK'
2026-03-17 11:27:01,824 [INFO] Auto-dismissed: title='SOLIDWORKS Design' class='#32770' btn='OK'
2026-03-17 11:27:02,070 [INFO] Auto-dismissed: title='SOLIDWORKS Design' class='#32770' btn='OK'
2026-03-17 11:28:00,754 [INFO] Auto-dismissed: title='SOLIDWORKS Design' class='#32770' btn='OK'
2026-03-17 11:28:15,136 [INFO] Auto-dismissed: title='SOLIDWORKS Design' class='#32770' btn='OK'
2026-03-17 11:31:36,730 [INFO] Auto-dismissed: title='SOLIDWORKS Design' class='#32770' btn='OK'
2026-03-17 11:32:44,689 [INFO] Auto-dismissed: title='SOLIDWORKS Design' class='#32770' btn='OK'
2026-03-17 11:32:44,916 [INFO] Auto-dismissed: title='SOLIDWORKS Design' class='#32770' btn='OK'
2026-03-17 11:35:01,605 [INFO] Auto-dismissed: title='SOLIDWORKS Design' class='#32770' btn='OK'
2026-03-17 11:35:01,844 [INFO] Auto-dismissed: title='SOLIDWORKS Design' class='#32770' btn='OK'
2026-03-17 11:40:02,253 [INFO] Auto-dismissed: title='SOLIDWORKS Design' class='#32770' btn='OK'
2026-03-19 20:11:33,823 [INFO] Auto-dismissed: title='SOLIDWORKS Design' class='#32770' btn='OK'
2026-03-19 20:18:55,851 [INFO] Auto-dismissed: title='SOLIDWORKS Error Report' class='#32770' btn='OK'
2026-03-19 20:18:56,789 [INFO] Auto-dismissed: title='SOLIDWORKS Error Report' class='#32770' btn='OK'
2026-03-21 08:19:40,544 [INFO] === SOLIDWORKS MCP Server starting ===
2026-03-21 08:19:40,545 [INFO] Log file: C:\Users\gce4\Documents\solidworks-mcp\solidworks_mcp.log
2026-03-21 08:19:40,547 [DEBUG] Initializing server 'solidworks-mcp'
2026-03-21 08:19:40,547 [DEBUG] Registering handler for ListToolsRequest
2026-03-21 08:19:40,548 [DEBUG] Registering handler for CallToolRequest
2026-03-21 08:19:40,548 [DEBUG] Registering handler for ListResourcesRequest
2026-03-21 08:19:40,548 [DEBUG] Registering handler for ReadResourceRequest
2026-03-21 08:19:40,548 [DEBUG] Registering handler for PromptListRequest
2026-03-21 08:19:40,548 [DEBUG] Registering handler for GetPromptRequest
2026-03-21 08:19:40,548 [DEBUG] Registering handler for ListResourceTemplatesRequest
2026-03-21 08:19:40,687 [DEBUG] PopupDismisser started.
2026-03-21 08:19:40,694 [INFO] Popup dismisser started.
2026-03-21 08:19:41,111 [INFO] Starting MCP server with stdio transport...
2026-03-21 08:19:41,119 [DEBUG] Using proactor: IocpProactor
2026-03-21 08:19:41,136 [DEBUG] Received message: root=InitializedNotification(method='notifications/initialized', params=None, jsonrpc='2.0')
2026-03-21 08:19:41,140 [DEBUG] Received message: <mcp.shared.session.RequestResponder object at 0x000002506CE84CD0>
2026-03-21 08:19:41,141 [INFO] Processing request of type ListToolsRequest
2026-03-21 08:19:41,141 [DEBUG] Dispatching request of type ListToolsRequest
2026-03-21 08:19:41,142 [DEBUG] Response sent
2026-03-21 08:19:41,143 [DEBUG] Received message: <mcp.shared.session.RequestResponder object at 0x000002506CE84E10>
2026-03-21 08:19:41,143 [INFO] Processing request of type ListPromptsRequest
2026-03-21 08:19:41,144 [DEBUG] Dispatching request of type ListPromptsRequest
2026-03-21 08:19:41,145 [DEBUG] Received message: <mcp.shared.session.RequestResponder object at 0x000002506ADAD6E0>
2026-03-21 08:19:41,145 [INFO] Processing request of type ListResourcesRequest
2026-03-21 08:19:41,145 [DEBUG] Dispatching request of type ListResourcesRequest
2026-03-21 08:19:41,146 [DEBUG] Listing resources
2026-03-21 08:19:41,147 [DEBUG] Response sent
2026-03-21 08:19:41,148 [DEBUG] Response sent
2026-03-21 11:03:06,631 [INFO] === SOLIDWORKS MCP Server starting ===
2026-03-21 11:03:06,632 [INFO] Log file: C:\Users\gce4\Documents\solidworks-mcp\solidworks_mcp.log
2026-03-21 11:03:06,635 [DEBUG] Initializing server 'solidworks-mcp'
2026-03-21 11:03:06,635 [DEBUG] Registering handler for ListToolsRequest
2026-03-21 11:03:06,635 [DEBUG] Registering handler for CallToolRequest
2026-03-21 11:03:06,636 [DEBUG] Registering handler for ListResourcesRequest
2026-03-21 11:03:06,636 [DEBUG] Registering handler for ReadResourceRequest
2026-03-21 11:03:06,636 [DEBUG] Registering handler for PromptListRequest
2026-03-21 11:03:06,636 [DEBUG] Registering handler for GetPromptRequest
2026-03-21 11:03:06,636 [DEBUG] Registering handler for ListResourceTemplatesRequest
2026-03-21 11:03:06,786 [DEBUG] PopupDismisser started.
2026-03-21 11:03:06,787 [INFO] Popup dismisser started.
2026-03-21 11:03:07,225 [INFO] Starting MCP server with stdio transport...
2026-03-21 11:03:07,239 [DEBUG] Using proactor: IocpProactor
2026-03-21 11:03:07,257 [DEBUG] Received message: root=InitializedNotification(method='notifications/initialized', params=None, jsonrpc='2.0')
2026-03-21 11:03:07,259 [DEBUG] Received message: <mcp.shared.session.RequestResponder object at 0x000001EF721C4CD0>
2026-03-21 11:03:07,260 [INFO] Processing request of type ListToolsRequest
2026-03-21 11:03:07,260 [DEBUG] Dispatching request of type ListToolsRequest
2026-03-21 11:03:07,262 [DEBUG] Response sent
2026-03-21 11:03:07,263 [DEBUG] Received message: <mcp.shared.session.RequestResponder object at 0x000001EF721C4E10>
2026-03-21 11:03:07,264 [INFO] Processing request of type ListPromptsRequest
2026-03-21 11:03:07,264 [DEBUG] Dispatching request of type ListPromptsRequest
2026-03-21 11:03:07,265 [DEBUG] Received message: <mcp.shared.session.RequestResponder object at 0x000001EF700ED6E0>
2026-03-21 11:03:07,265 [INFO] Processing request of type ListResourcesRequest
2026-03-21 11:03:07,266 [DEBUG] Dispatching request of type ListResourcesRequest
2026-03-21 11:03:07,266 [DEBUG] Listing resources
2026-03-21 11:03:07,267 [DEBUG] Response sent
2026-03-21 11:03:07,268 [DEBUG] Response sent
2026-03-21 12:57:52,226 [INFO] Auto-dismissed: title='SOLIDWORKS Design' class='#32770' btn='OK'
2026-03-21 12:58:31,963 [INFO] Auto-dismissed: title='SOLIDWORKS Design' class='#32770' btn='OK'
2026-03-21 13:04:53,899 [INFO] Auto-dismissed: title='SOLIDWORKS Design' class='#32770' btn='OK'
2026-03-21 13:06:16,888 [INFO] Auto-dismissed: title='SOLIDWORKS Design' class='#32770' btn='OK'
2026-03-21 13:06:17,043 [INFO] Auto-dismissed: title='SOLIDWORKS Design' class='#32770' btn='OK'
2026-03-21 13:08:31,790 [INFO] Auto-dismissed: title='SOLIDWORKS Design' class='#32770' btn='OK'
2026-03-21 13:17:12,390 [INFO] Auto-dismissed: title='SOLIDWORKS Design' class='#32770' btn='OK'
2026-03-21 13:21:35,723 [INFO] Auto-dismissed: title='SOLIDWORKS Design' class='#32770' btn='OK'
2026-03-21 13:21:59,134 [INFO] Auto-dismissed: title='SOLIDWORKS Design' class='#32770' btn='OK'
2026-03-21 13:22:17,560 [INFO] Auto-dismissed: title='SOLIDWORKS Design' class='#32770' btn='OK'
2026-03-21 13:22:17,714 [INFO] Auto-dismissed: title='SOLIDWORKS Design' class='#32770' btn='OK'
2026-03-21 13:22:39,632 [INFO] Auto-dismissed: title='SOLIDWORKS Design' class='#32770' btn='OK'
2026-03-21 13:26:18,777 [INFO] Auto-dismissed: title='SOLIDWORKS Design' class='#32770' btn='OK'
2026-03-21 13:28:59,494 [INFO] Auto-dismissed: title='SOLIDWORKS Design' class='#32770' btn='OK'
2026-03-21 13:30:11,602 [INFO] Auto-dismissed: title='SOLIDWORKS Design' class='#32770' btn='OK'
2026-03-21 13:35:13,457 [INFO] Auto-dismissed: title='SOLIDWORKS Design' class='#32770' btn='OK'
2026-03-21 13:35:13,709 [INFO] Auto-dismissed: title='SOLIDWORKS Design' class='#32770' btn='OK'
2026-03-21 13:35:37,889 [INFO] Auto-dismissed: title='SOLIDWORKS Design' class='#32770' btn='OK'
2026-03-21 13:36:17,285 [INFO] Auto-dismissed: title='SOLIDWORKS Design' class='#32770' btn='OK'
2026-03-21 13:36:51,435 [INFO] Auto-dismissed: title='SOLIDWORKS Design' class='#32770' btn='OK'
2026-03-21 13:39:44,319 [INFO] Auto-dismissed: title='SOLIDWORKS Design' class='#32770' btn='OK'
2026-03-21 13:45:36,358 [INFO] Auto-dismissed: title='SOLIDWORKS Design' class='#32770' btn='OK'
2026-03-21 13:49:52,975 [INFO] Auto-dismissed: title='SOLIDWORKS Design' class='#32770' btn='OK'
2026-03-21 13:50:28,447 [INFO] Auto-dismissed: title='SOLIDWORKS Design' class='#32770' btn='OK'
2026-03-21 13:50:28,686 [INFO] Auto-dismissed: title='SOLIDWORKS Design' class='#32770' btn='OK'
2026-03-21 13:51:55,956 [INFO] Auto-dismissed: title='SOLIDWORKS Design' class='#32770' btn='OK'
2026-03-21 13:53:49,667 [INFO] Auto-dismissed: title='SOLIDWORKS Design' class='#32770' btn='OK'
2026-03-21 13:54:12,156 [INFO] Auto-dismissed: title='SOLIDWORKS Design' class='#32770' btn='OK'
2026-03-21 13:55:39,870 [INFO] Auto-dismissed: title='SOLIDWORKS Design' class='#32770' btn='OK'
2026-03-21 13:56:13,516 [INFO] Auto-dismissed: title='SOLIDWORKS Design' class='#32770' btn='OK'
2026-03-21 13:56:13,728 [INFO] Auto-dismissed: title='SOLIDWORKS Design' class='#32770' btn='OK'
2026-03-21 13:57:22,425 [INFO] Auto-dismissed: title='SOLIDWORKS Design' class='#32770' btn='OK'
2026-03-21 13:57:22,694 [INFO] Auto-dismissed: title='SOLIDWORKS Design' class='#32770' btn='OK'
2026-03-21 13:57:55,592 [INFO] Auto-dismissed: title='SOLIDWORKS Design' class='#32770' btn='OK'
2026-03-21 13:57:55,750 [INFO] Auto-dismissed: title='SOLIDWORKS Design' class='#32770' btn='OK'
2026-03-21 13:57:55,928 [INFO] Auto-dismissed: title='SOLIDWORKS Design' class='#32770' btn='OK'
2026-03-21 13:58:07,668 [INFO] Auto-dismissed: title='SOLIDWORKS Design' class='#32770' btn='OK'
2026-03-21 13:58:07,828 [INFO] Auto-dismissed: title='SOLIDWORKS Design' class='#32770' btn='OK'
2026-03-21 14:00:57,168 [INFO] Auto-dismissed: title='SOLIDWORKS Design' class='#32770' btn='OK'
2026-03-21 14:00:57,426 [INFO] Auto-dismissed: title='SOLIDWORKS Design' class='#32770' btn='OK'
2026-03-21 14:02:55,238 [INFO] Auto-dismissed: title='SOLIDWORKS Design' class='#32770' btn='OK'
2026-03-21 14:02:55,416 [INFO] Auto-dismissed: title='SOLIDWORKS Design' class='#32770' btn='OK'
2026-03-21 14:06:12,444 [INFO] Auto-dismissed: title='SOLIDWORKS Design' class='#32770' btn='OK'
2026-03-21 14:06:12,646 [INFO] Auto-dismissed: title='SOLIDWORKS Design' class='#32770' btn='OK'
2026-03-21 14:06:33,903 [INFO] Auto-dismissed: title='SOLIDWORKS Design' class='#32770' btn='OK'
2026-03-21 14:06:34,131 [INFO] Auto-dismissed: title='SOLIDWORKS Design' class='#32770' btn='OK'
2026-03-21 22:01:46,455 [INFO] === SOLIDWORKS MCP Server starting ===
2026-03-21 22:01:46,455 [INFO] Log file: C:\Users\gce4\Documents\solidworks-mcp\solidworks_mcp.log
2026-03-21 22:01:46,460 [DEBUG] Initializing server 'solidworks-mcp'
2026-03-21 22:01:46,460 [DEBUG] Registering handler for ListToolsRequest
2026-03-21 22:01:46,460 [DEBUG] Registering handler for CallToolRequest
2026-03-21 22:01:46,461 [DEBUG] Registering handler for ListResourcesRequest
2026-03-21 22:01:46,461 [DEBUG] Registering handler for ReadResourceRequest
2026-03-21 22:01:46,461 [DEBUG] Registering handler for PromptListRequest
2026-03-21 22:01:46,461 [DEBUG] Registering handler for GetPromptRequest
2026-03-21 22:01:46,461 [DEBUG] Registering handler for ListResourceTemplatesRequest
2026-03-21 22:01:46,604 [DEBUG] PopupDismisser started.
2026-03-21 22:01:46,605 [INFO] Popup dismisser started.
2026-03-21 22:01:47,072 [INFO] Starting MCP server with stdio transport...
2026-03-21 22:01:47,083 [DEBUG] Using proactor: IocpProactor
2026-03-21 22:01:51,834 [DEBUG] Received message: root=InitializedNotification(method='notifications/initialized', params=None, jsonrpc='2.0')
2026-03-21 22:01:51,838 [DEBUG] Received message: <mcp.shared.session.RequestResponder object at 0x00000244C8A40B90>
2026-03-21 22:01:51,839 [INFO] Processing request of type ListToolsRequest
2026-03-21 22:01:51,839 [DEBUG] Dispatching request of type ListToolsRequest
2026-03-21 22:01:51,840 [DEBUG] Response sent
2026-03-21 22:01:51,841 [DEBUG] Received message: <mcp.shared.session.RequestResponder object at 0x00000244C8A40CD0>
2026-03-21 22:01:51,841 [INFO] Processing request of type ListPromptsRequest
2026-03-21 22:01:51,841 [DEBUG] Dispatching request of type ListPromptsRequest
2026-03-21 22:01:51,844 [DEBUG] Response sent
2026-03-21 22:01:51,848 [DEBUG] Received message: <mcp.shared.session.RequestResponder object at 0x00000244C69628B0>
2026-03-21 22:01:51,849 [INFO] Processing request of type ListResourcesRequest
2026-03-21 22:01:51,849 [DEBUG] Dispatching request of type ListResourcesRequest
2026-03-21 22:01:51,849 [DEBUG] Listing resources
2026-03-21 22:01:51,850 [DEBUG] Response sent
2026-03-21 23:30:33,369 [INFO] Auto-dismissed: title='SOLIDWORKS Design' class='#32770' btn='OK'
2026-03-21 23:30:33,643 [INFO] Auto-dismissed: title='SOLIDWORKS Design' class='#32770' btn='OK'
2026-03-21 23:30:41,948 [INFO] Auto-dismissed: title='SOLIDWORKS Design' class='#32770' btn='OK'
2026-03-21 23:34:21,393 [INFO] Auto-dismissed: title='SOLIDWORKS Design' class='#32770' btn='OK'
2026-03-21 23:34:27,257 [INFO] Auto-dismissed: title='SOLIDWORKS Design' class='#32770' btn='OK'
2026-03-21 23:34:33,226 [INFO] Auto-dismissed: title='SOLIDWORKS Design' class='#32770' btn='OK'
2026-03-21 23:34:58,052 [INFO] Auto-dismissed: title='SOLIDWORKS Design' class='#32770' btn='OK'
2026-03-21 23:35:21,893 [INFO] Auto-dismissed: title='SOLIDWORKS Design' class='#32770' btn='OK'
2026-03-21 23:36:09,388 [INFO] Auto-dismissed: title='SOLIDWORKS Design' class='#32770' btn='OK'
2026-03-22 00:16:38,449 [INFO] Auto-dismissed: title='SOLIDWORKS Design' class='#32770' btn='OK'
2026-03-22 00:16:47,746 [INFO] Auto-dismissed: title='SOLIDWORKS Design' class='#32770' btn='OK'
2026-03-22 00:18:13,574 [INFO] Auto-dismissed: title='SOLIDWORKS Design' class='#32770' btn='OK'
2026-03-22 00:20:18,967 [INFO] Auto-dismissed: title='SOLIDWORKS Design' class='#32770' btn='OK'
2026-03-22 00:21:16,203 [INFO] Auto-dismissed: title='SOLIDWORKS Design' class='#32770' btn='OK'
2026-03-22 01:17:55,536 [INFO] Auto-dismissed: title='SOLIDWORKS Design' class='#32770' btn='OK'
2026-03-22 01:18:00,252 [INFO] Auto-dismissed: title='SOLIDWORKS Design' class='#32770' btn='OK'
2026-03-22 01:18:00,465 [INFO] Auto-dismissed: title='SOLIDWORKS Design' class='#32770' btn='OK'
2026-03-22 01:18:05,526 [INFO] Auto-dismissed: title='SOLIDWORKS Design' class='#32770' btn='OK'
2026-03-22 01:19:00,930 [INFO] Auto-dismissed: title='SOLIDWORKS Design' class='#32770' btn='OK'
2026-03-22 01:19:23,138 [INFO] Auto-dismissed: title='SOLIDWORKS Design' class='#32770' btn='OK'
2026-03-22 01:19:47,627 [INFO] Auto-dismissed: title='SOLIDWORKS Design' class='#32770' btn='OK'
2026-03-22 01:20:12,106 [INFO] Auto-dismissed: title='SOLIDWORKS Design' class='#32770' btn='OK'
2026-03-22 01:36:47,957 [INFO] Auto-dismissed: title='SOLIDWORKS Design' class='#32770' btn='OK'
2026-03-22 01:36:59,307 [INFO] Auto-dismissed: title='SOLIDWORKS Design' class='#32770' btn='OK'
2026-03-22 01:37:04,969 [INFO] Auto-dismissed: title='SOLIDWORKS Design' class='#32770' btn='OK'
2026-03-22 01:37:56,832 [INFO] Auto-dismissed: title='SOLIDWORKS Design' class='#32770' btn='OK'
2026-03-22 01:38:19,212 [INFO] Auto-dismissed: title='SOLIDWORKS Design' class='#32770' btn='OK'
2026-03-22 01:38:42,582 [INFO] Auto-dismissed: title='SOLIDWORKS Design' class='#32770' btn='OK'
2026-03-22 01:39:05,890 [INFO] Auto-dismissed: title='SOLIDWORKS Design' class='#32770' btn='OK'
2026-03-22 01:50:05,856 [INFO] Auto-dismissed: title='SOLIDWORKS Design' class='#32770' btn='OK'
2026-03-22 01:50:20,563 [INFO] Auto-dismissed: title='SOLIDWORKS Design' class='#32770' btn='OK'
2026-03-22 01:50:20,794 [INFO] Auto-dismissed: title='SOLIDWORKS Design' class='#32770' btn='OK'
2026-03-22 01:50:36,090 [INFO] Auto-dismissed: title='SOLIDWORKS Design' class='#32770' btn='OK'
2026-03-22 01:51:34,976 [INFO] Auto-dismissed: title='SOLIDWORKS Design' class='#32770' btn='OK'
2026-03-22 01:52:36,418 [INFO] Auto-dismissed: title='SOLIDWORKS Design' class='#32770' btn='OK'
2026-03-22 01:53:11,519 [INFO] Auto-dismissed: title='SOLIDWORKS Design' class='#32770' btn='OK'
2026-03-22 02:11:13,872 [INFO] Auto-dismissed: title='SOLIDWORKS Design' class='#32770' btn='OK'
2026-03-22 02:11:19,304 [INFO] Auto-dismissed: title='SOLIDWORKS Design' class='#32770' btn='OK'
2026-03-22 02:11:24,122 [INFO] Auto-dismissed: title='SOLIDWORKS Design' class='#32770' btn='OK'
2026-03-22 02:12:27,342 [INFO] Auto-dismissed: title='SOLIDWORKS Design' class='#32770' btn='OK'
2026-03-22 02:13:20,417 [INFO] Auto-dismissed: title='SOLIDWORKS Design' class='#32770' btn='OK'
2026-03-22 02:13:46,736 [INFO] Auto-dismissed: title='SOLIDWORKS Design' class='#32770' btn='OK'
2026-03-22 02:15:03,218 [INFO] Auto-dismissed: title='SOLIDWORKS Design' class='#32770' btn='OK'
2026-03-22 02:46:57,637 [INFO] Auto-dismissed: title='SOLIDWORKS Design' class='#32770' btn='OK'
2026-03-22 02:47:12,194 [INFO] Auto-dismissed: title='SOLIDWORKS Design' class='#32770' btn='OK'
2026-03-22 02:47:22,145 [INFO] Auto-dismissed: title='SOLIDWORKS Design' class='#32770' btn='OK'
2026-03-22 02:48:14,802 [INFO] Auto-dismissed: title='SOLIDWORKS Design' class='#32770' btn='OK'
2026-03-22 02:49:06,357 [INFO] Auto-dismissed: title='SOLIDWORKS Design' class='#32770' btn='OK'
2026-03-22 02:50:02,441 [INFO] Auto-dismissed: title='SOLIDWORKS Design' class='#32770' btn='OK'
2026-03-22 03:02:18,772 [INFO] Auto-dismissed: title='SOLIDWORKS Design' class='#32770' btn='OK'
2026-03-22 03:02:28,654 [INFO] Auto-dismissed: title='SOLIDWORKS Design' class='#32770' btn='OK'
2026-03-22 03:02:36,991 [INFO] Auto-dismissed: title='SOLIDWORKS Design' class='#32770' btn='OK'
2026-03-22 03:03:31,958 [INFO] Auto-dismissed: title='SOLIDWORKS Design' class='#32770' btn='OK'
2026-03-22 03:04:28,273 [INFO] Auto-dismissed: title='SOLIDWORKS Design' class='#32770' btn='OK'
2026-03-22 03:05:52,861 [INFO] Auto-dismissed: title='SOLIDWORKS Design' class='#32770' btn='OK'
2026-03-22 03:07:46,208 [INFO] Auto-dismissed: title='SOLIDWORKS Design' class='#32770' btn='OK'
2026-03-22 03:14:17,152 [INFO] Auto-dismissed: title='SOLIDWORKS Design' class='#32770' btn='OK'
2026-03-22 03:14:29,393 [INFO] Auto-dismissed: title='SOLIDWORKS Design' class='#32770' btn='OK'
2026-03-22 03:15:34,154 [INFO] Auto-dismissed: title='SOLIDWORKS Design' class='#32770' btn='OK'
2026-03-22 03:17:08,577 [INFO] Auto-dismissed: title='SOLIDWORKS Design' class='#32770' btn='OK'
2026-03-22 03:19:07,379 [INFO] Auto-dismissed: title='SOLIDWORKS Design' class='#32770' btn='OK'
2026-03-22 03:20:55,059 [INFO] Auto-dismissed: title='SOLIDWORKS Design' class='#32770' btn='OK'
2026-03-22 03:33:31,687 [INFO] Auto-dismissed: title='SOLIDWORKS Design' class='#32770' btn='OK'
2026-03-22 03:33:37,345 [INFO] Auto-dismissed: title='SOLIDWORKS Design' class='#32770' btn='OK'
2026-03-22 03:33:42,367 [INFO] Auto-dismissed: title='SOLIDWORKS Design' class='#32770' btn='OK'
2026-03-22 03:35:15,194 [INFO] Auto-dismissed: title='SOLIDWORKS Design' class='#32770' btn='OK'
2026-03-22 03:35:55,631 [INFO] Auto-dismissed: title='SOLIDWORKS Design' class='#32770' btn='OK'
2026-03-22 03:36:35,784 [INFO] Auto-dismissed: title='SOLIDWORKS Design' class='#32770' btn='OK'
2026-03-22 03:37:56,449 [INFO] Auto-dismissed: title='SOLIDWORKS Design' class='#32770' btn='OK'
2026-03-22 03:38:45,270 [INFO] Auto-dismissed: title='SOLIDWORKS Design' class='#32770' btn='OK'
2026-03-22 14:43:49,580 [INFO] === SOLIDWORKS MCP Server starting ===
2026-03-22 14:43:49,581 [INFO] Log file: C:\Users\gce4\Documents\solidworks-mcp\solidworks_mcp.log
2026-03-22 14:43:49,583 [DEBUG] Initializing server 'solidworks-mcp'
2026-03-22 14:43:49,583 [DEBUG] Registering handler for ListToolsRequest
2026-03-22 14:43:49,584 [DEBUG] Registering handler for CallToolRequest
2026-03-22 14:43:49,584 [DEBUG] Registering handler for ListResourcesRequest
2026-03-22 14:43:49,584 [DEBUG] Registering handler for ReadResourceRequest
2026-03-22 14:43:49,584 [DEBUG] Registering handler for PromptListRequest
2026-03-22 14:43:49,584 [DEBUG] Registering handler for GetPromptRequest
2026-03-22 14:43:49,584 [DEBUG] Registering handler for ListResourceTemplatesRequest
2026-03-22 14:43:49,725 [DEBUG] PopupDismisser started.
2026-03-22 14:43:49,725 [INFO] Popup dismisser started.
2026-03-22 14:43:50,092 [INFO] Starting MCP server with stdio transport...
2026-03-22 14:43:50,103 [DEBUG] Using proactor: IocpProactor
2026-03-22 14:43:50,120 [DEBUG] Received message: root=InitializedNotification(method='notifications/initialized', params=None, jsonrpc='2.0')
2026-03-22 14:43:50,122 [DEBUG] Received message: <mcp.shared.session.RequestResponder object at 0x00000135FEE5CE10>
2026-03-22 14:43:50,123 [INFO] Processing request of type ListToolsRequest
2026-03-22 14:43:50,123 [DEBUG] Dispatching request of type ListToolsRequest
2026-03-22 14:43:50,124 [DEBUG] Response sent
2026-03-22 14:43:50,125 [DEBUG] Received message: <mcp.shared.session.RequestResponder object at 0x00000135FEE5CF50>
2026-03-22 14:43:50,126 [INFO] Processing request of type ListPromptsRequest
2026-03-22 14:43:50,126 [DEBUG] Dispatching request of type ListPromptsRequest
2026-03-22 14:43:50,127 [DEBUG] Received message: <mcp.shared.session.RequestResponder object at 0x00000135FEDB55B0>
2026-03-22 14:43:50,127 [INFO] Processing request of type ListResourcesRequest
2026-03-22 14:43:50,128 [DEBUG] Dispatching request of type ListResourcesRequest
2026-03-22 14:43:50,129 [DEBUG] Listing resources
2026-03-22 14:43:50,130 [DEBUG] Response sent
2026-03-22 14:43:50,132 [DEBUG] Response sent
2026-03-27 20:02:28,303 [INFO] === SOLIDWORKS MCP Server starting ===
2026-03-27 20:02:28,304 [INFO] Log file: C:\Users\gce4\Documents\solidworks-mcp\solidworks_mcp.log
2026-03-27 20:02:28,313 [DEBUG] Initializing server 'solidworks-mcp'
2026-03-27 20:02:28,313 [DEBUG] Registering handler for ListToolsRequest
2026-03-27 20:02:28,314 [DEBUG] Registering handler for CallToolRequest
2026-03-27 20:02:28,317 [DEBUG] Registering handler for ListResourcesRequest
2026-03-27 20:02:28,317 [DEBUG] Registering handler for ReadResourceRequest
2026-03-27 20:02:28,319 [DEBUG] Registering handler for PromptListRequest
2026-03-27 20:02:28,320 [DEBUG] Registering handler for GetPromptRequest
2026-03-27 20:02:28,321 [DEBUG] Registering handler for ListResourceTemplatesRequest
2026-03-27 20:02:28,494 [DEBUG] PopupDismisser started.
2026-03-27 20:02:28,494 [INFO] Popup dismisser started.
2026-03-27 20:02:29,290 [INFO] Starting MCP server with stdio transport...
2026-03-27 20:02:29,314 [DEBUG] Using proactor: IocpProactor
2026-03-27 20:02:29,373 [DEBUG] Received message: root=InitializedNotification(method='notifications/initialized', params=None, jsonrpc='2.0')
2026-03-27 20:02:29,380 [DEBUG] Received message: <mcp.shared.session.RequestResponder object at 0x000001E5CF2ACE10>
2026-03-27 20:02:29,381 [INFO] Processing request of type ListToolsRequest
2026-03-27 20:02:29,381 [DEBUG] Dispatching request of type ListToolsRequest
2026-03-27 20:02:29,433 [DEBUG] Received message: <mcp.shared.session.RequestResponder object at 0x000001E5CF2ACCD0>
2026-03-27 20:02:29,453 [INFO] Processing request of type ListPromptsRequest
2026-03-27 20:02:29,454 [DEBUG] Dispatching request of type ListPromptsRequest
2026-03-27 20:02:29,486 [DEBUG] Response sent
2026-03-27 20:02:29,488 [DEBUG] Received message: <mcp.shared.session.RequestResponder object at 0x000001E5CD2063F0>
2026-03-27 20:02:29,488 [INFO] Processing request of type ListResourcesRequest
2026-03-27 20:02:29,493 [DEBUG] Dispatching request of type ListResourcesRequest
2026-03-27 20:02:29,493 [DEBUG] Listing resources
2026-03-27 20:02:29,495 [DEBUG] Response sent
2026-03-27 20:02:29,497 [DEBUG] Response sent
2026-03-29 12:44:32,318 [INFO] === SOLIDWORKS MCP Server starting ===
2026-03-29 12:44:32,322 [INFO] Log file: C:\Users\gce4\Documents\solidworks-mcp\solidworks_mcp.log
2026-03-29 12:44:32,340 [DEBUG] Initializing server 'solidworks-mcp'
2026-03-29 12:44:32,342 [DEBUG] Registering handler for ListToolsRequest
2026-03-29 12:44:32,344 [DEBUG] Registering handler for CallToolRequest
2026-03-29 12:44:32,345 [DEBUG] Registering handler for ListResourcesRequest
2026-03-29 12:44:32,347 [DEBUG] Registering handler for ReadResourceRequest
2026-03-29 12:44:32,348 [DEBUG] Registering handler for PromptListRequest
2026-03-29 12:44:32,350 [DEBUG] Registering handler for GetPromptRequest
2026-03-29 12:44:32,351 [DEBUG] Registering handler for ListResourceTemplatesRequest
2026-03-29 12:44:32,684 [DEBUG] PopupDismisser started.
2026-03-29 12:44:32,686 [INFO] Popup dismisser started.
2026-03-29 12:44:34,980 [INFO] Starting MCP server with stdio transport...
2026-03-29 12:44:35,046 [DEBUG] Using proactor: IocpProactor
2026-03-29 12:44:41,402 [DEBUG] Received message: root=InitializedNotification(method='notifications/initialized', params=None, jsonrpc='2.0')
2026-03-29 12:44:41,407 [DEBUG] Received message: <mcp.shared.session.RequestResponder object at 0x000001ED678DCE10>
2026-03-29 12:44:41,409 [INFO] Processing request of type ListToolsRequest
2026-03-29 12:44:41,411 [DEBUG] Dispatching request of type ListToolsRequest
2026-03-29 12:44:41,414 [DEBUG] Response sent
2026-03-29 12:44:41,420 [DEBUG] Received message: <mcp.shared.session.RequestResponder object at 0x000001ED678DCF50>
2026-03-29 12:44:41,423 [INFO] Processing request of type ListPromptsRequest
2026-03-29 12:44:41,425 [DEBUG] Dispatching request of type ListPromptsRequest
2026-03-29 12:44:41,429 [DEBUG] Received message: <mcp.shared.session.RequestResponder object at 0x000001ED658355B0>
2026-03-29 12:44:41,432 [INFO] Processing request of type ListResourcesRequest
2026-03-29 12:44:41,433 [DEBUG] Dispatching request of type ListResourcesRequest
2026-03-29 12:44:41,434 [DEBUG] Listing resources
2026-03-29 12:44:41,438 [DEBUG] Response sent
2026-03-29 12:44:41,444 [DEBUG] Response sent
2026-03-29 18:22:52,792 [INFO] === SOLIDWORKS MCP Server starting ===
2026-03-29 18:22:52,797 [INFO] Log file: C:\Users\gce4\Documents\solidworks-mcp\solidworks_mcp.log
2026-03-29 18:22:52,821 [DEBUG] Initializing server 'solidworks-mcp'
2026-03-29 18:22:52,822 [DEBUG] Registering handler for ListToolsRequest
2026-03-29 18:22:52,827 [DEBUG] Registering handler for CallToolRequest
2026-03-29 18:22:52,829 [DEBUG] Registering handler for ListResourcesRequest
2026-03-29 18:22:52,831 [DEBUG] Registering handler for ReadResourceRequest
2026-03-29 18:22:52,833 [DEBUG] Registering handler for PromptListRequest
2026-03-29 18:22:52,836 [DEBUG] Registering handler for GetPromptRequest
2026-03-29 18:22:52,838 [DEBUG] Registering handler for ListResourceTemplatesRequest
2026-03-29 18:22:53,350 [DEBUG] PopupDismisser started.
2026-03-29 18:22:53,352 [INFO] Popup dismisser started.
2026-03-29 18:22:57,788 [INFO] Starting MCP server with stdio transport...
2026-03-29 18:22:57,996 [DEBUG] Using proactor: IocpProactor
2026-03-29 18:22:59,521 [DEBUG] Received message: root=InitializedNotification(method='notifications/initialized', params=None, jsonrpc='2.0')
2026-03-29 18:22:59,546 [DEBUG] Received message: <mcp.shared.session.RequestResponder object at 0x00000203FD460E10>
2026-03-29 18:22:59,549 [INFO] Processing request of type ListToolsRequest
2026-03-29 18:22:59,550 [DEBUG] Dispatching request of type ListToolsRequest
2026-03-29 18:22:59,563 [DEBUG] Response sent
2026-03-29 18:22:59,568 [DEBUG] Received message: <mcp.shared.session.RequestResponder object at 0x00000203FD460F50>
2026-03-29 18:22:59,571 [INFO] Processing request of type ListPromptsRequest
2026-03-29 18:22:59,573 [DEBUG] Dispatching request of type ListPromptsRequest
2026-03-29 18:22:59,583 [DEBUG] Received message: <mcp.shared.session.RequestResponder object at 0x00000203FB3B55B0>
2026-03-29 18:22:59,585 [INFO] Processing request of type ListResourcesRequest
2026-03-29 18:22:59,586 [DEBUG] Dispatching request of type ListResourcesRequest
2026-03-29 18:22:59,588 [DEBUG] Listing resources
2026-03-29 18:22:59,594 [DEBUG] Response sent
2026-03-29 18:22:59,603 [DEBUG] Response sent
2026-04-06 21:34:06,868 [INFO] === SOLIDWORKS MCP Server starting ===
2026-04-06 21:34:06,869 [INFO] Log file: C:\Users\gce4\Documents\solidworks-mcp\solidworks_mcp.log
2026-04-06 21:34:06,874 [DEBUG] Initializing server 'solidworks-mcp'
2026-04-06 21:34:06,875 [DEBUG] Registering handler for ListToolsRequest
2026-04-06 21:34:06,875 [DEBUG] Registering handler for CallToolRequest
2026-04-06 21:34:06,876 [DEBUG] Registering handler for ListResourcesRequest
2026-04-06 21:34:06,876 [DEBUG] Registering handler for ReadResourceRequest
2026-04-06 21:34:06,876 [DEBUG] Registering handler for PromptListRequest
2026-04-06 21:34:06,877 [DEBUG] Registering handler for GetPromptRequest
2026-04-06 21:34:06,877 [DEBUG] Registering handler for ListResourceTemplatesRequest
2026-04-06 21:34:07,033 [DEBUG] PopupDismisser started.
2026-04-06 21:34:07,033 [INFO] Popup dismisser started.
2026-04-06 21:34:07,376 [INFO] Starting MCP server with stdio transport...
2026-04-06 21:34:07,388 [DEBUG] Using proactor: IocpProactor
2026-04-06 21:34:07,405 [DEBUG] Received message: root=InitializedNotification(method='notifications/initialized', params=None, jsonrpc='2.0')
2026-04-06 21:34:07,407 [DEBUG] Received message: <mcp.shared.session.RequestResponder object at 0x000001AF7E5ECE10>
2026-04-06 21:34:07,408 [INFO] Processing request of type ListToolsRequest
2026-04-06 21:34:07,408 [DEBUG] Dispatching request of type ListToolsRequest
2026-04-06 21:34:07,409 [DEBUG] Response sent
2026-04-06 21:34:07,409 [DEBUG] Received message: <mcp.shared.session.RequestResponder object at 0x000001AF7E5ECF50>
2026-04-06 21:34:07,410 [INFO] Processing request of type ListPromptsRequest
2026-04-06 21:34:07,411 [DEBUG] Dispatching request of type ListPromptsRequest
2026-04-06 21:34:07,412 [DEBUG] Received message: <mcp.shared.session.RequestResponder object at 0x000001AF7E5495B0>
2026-04-06 21:34:07,413 [INFO] Processing request of type ListResourcesRequest
2026-04-06 21:34:07,413 [DEBUG] Dispatching request of type ListResourcesRequest
2026-04-06 21:34:07,413 [DEBUG] Listing resources
2026-04-06 21:34:07,413 [DEBUG] Response sent
2026-04-06 21:34:07,414 [DEBUG] Response sent
2026-04-08 08:18:28,821 [INFO] === SOLIDWORKS MCP Server starting ===
2026-04-08 08:18:28,825 [INFO] Log file: C:\Users\gce4\Documents\solidworks-mcp\solidworks_mcp.log
2026-04-08 08:18:28,844 [DEBUG] Initializing server 'solidworks-mcp'
2026-04-08 08:18:28,846 [DEBUG] Registering handler for ListToolsRequest
2026-04-08 08:18:28,848 [DEBUG] Registering handler for CallToolRequest
2026-04-08 08:18:28,849 [DEBUG] Registering handler for ListResourcesRequest
2026-04-08 08:18:28,852 [DEBUG] Registering handler for ReadResourceRequest
2026-04-08 08:18:28,853 [DEBUG] Registering handler for PromptListRequest
2026-04-08 08:18:28,856 [DEBUG] Registering handler for GetPromptRequest
2026-04-08 08:18:28,859 [DEBUG] Registering handler for ListResourceTemplatesRequest
2026-04-08 08:18:29,184 [DEBUG] PopupDismisser started.
2026-04-08 08:18:29,186 [INFO] Popup dismisser started.
2026-04-08 08:18:31,433 [INFO] Starting MCP server with stdio transport...
2026-04-08 08:18:31,521 [DEBUG] Using proactor: IocpProactor
2026-04-08 08:18:33,950 [DEBUG] Received message: root=InitializedNotification(method='notifications/initialized', params=None, jsonrpc='2.0')
2026-04-08 08:18:33,957 [DEBUG] Received message: <mcp.shared.session.RequestResponder object at 0x0000017D99B0CE10>
2026-04-08 08:18:33,961 [INFO] Processing request of type ListToolsRequest
2026-04-08 08:18:33,962 [DEBUG] Dispatching request of type ListToolsRequest
2026-04-08 08:18:33,967 [DEBUG] Response sent
2026-04-08 08:18:33,972 [DEBUG] Received message: <mcp.shared.session.RequestResponder object at 0x0000017D99B0CF50>
2026-04-08 08:18:33,976 [INFO] Processing request of type ListPromptsRequest
2026-04-08 08:18:33,978 [DEBUG] Dispatching request of type ListPromptsRequest
2026-04-08 08:18:33,982 [DEBUG] Received message: <mcp.shared.session.RequestResponder object at 0x0000017D97A655B0>
2026-04-08 08:18:33,985 [INFO] Processing request of type ListResourcesRequest
2026-04-08 08:18:33,987 [DEBUG] Dispatching request of type ListResourcesRequest
2026-04-08 08:18:33,988 [DEBUG] Listing resources
2026-04-08 08:18:33,994 [DEBUG] Response sent
2026-04-08 08:18:34,001 [DEBUG] Response sent
2026-04-12 22:08:26,321 [INFO] === SOLIDWORKS MCP Server starting ===
2026-04-12 22:08:26,321 [INFO] Log file: C:\Users\gce4\Documents\solidworks-mcp\solidworks_mcp.log
2026-04-12 22:08:26,326 [DEBUG] Initializing server 'solidworks-mcp'
2026-04-12 22:08:26,327 [DEBUG] Registering handler for ListToolsRequest
2026-04-12 22:08:26,327 [DEBUG] Registering handler for CallToolRequest
2026-04-12 22:08:26,327 [DEBUG] Registering handler for ListResourcesRequest
2026-04-12 22:08:26,328 [DEBUG] Registering handler for ReadResourceRequest
2026-04-12 22:08:26,328 [DEBUG] Registering handler for PromptListRequest
2026-04-12 22:08:26,328 [DEBUG] Registering handler for GetPromptRequest
2026-04-12 22:08:26,329 [DEBUG] Registering handler for ListResourceTemplatesRequest
2026-04-12 22:08:26,464 [DEBUG] PopupDismisser started.
2026-04-12 22:08:26,465 [INFO] Popup dismisser started.
2026-04-12 22:08:26,661 [INFO] Starting MCP server with stdio transport...
2026-04-12 22:08:26,668 [DEBUG] Using proactor: IocpProactor
2026-04-12 22:08:26,683 [DEBUG] Received message: root=InitializedNotification(method='notifications/initialized', params=None, jsonrpc='2.0')
2026-04-12 22:08:26,684 [DEBUG] Received message: <mcp.shared.session.RequestResponder object at 0x000001E73E2DCE10>
2026-04-12 22:08:26,684 [INFO] Processing request of type ListToolsRequest
2026-04-12 22:08:26,684 [DEBUG] Dispatching request of type ListToolsRequest
2026-04-12 22:08:26,685 [DEBUG] Response sent
2026-04-12 22:08:26,686 [DEBUG] Received message: <mcp.shared.session.RequestResponder object at 0x000001E73E2DCF50>
2026-04-12 22:08:26,686 [INFO] Processing request of type ListPromptsRequest
2026-04-12 22:08:26,686 [DEBUG] Dispatching request of type ListPromptsRequest
2026-04-12 22:08:26,687 [DEBUG] Received message: <mcp.shared.session.RequestResponder object at 0x000001E73C2355B0>
2026-04-12 22:08:26,688 [INFO] Processing request of type ListResourcesRequest
2026-04-12 22:08:26,688 [DEBUG] Dispatching request of type ListResourcesRequest
2026-04-12 22:08:26,689 [DEBUG] Listing resources
2026-04-12 22:08:26,689 [DEBUG] Response sent
2026-04-12 22:08:26,691 [DEBUG] Response sent
2026-04-21 21:31:35,867 [INFO] === SOLIDWORKS MCP Server starting ===
2026-04-21 21:31:35,871 [INFO] Log file: C:\Users\gce4\Documents\solidworks-mcp\solidworks_mcp.log
2026-04-21 21:31:35,885 [DEBUG] Initializing server 'solidworks-mcp'
2026-04-21 21:31:35,887 [DEBUG] Registering handler for ListToolsRequest
2026-04-21 21:31:35,889 [DEBUG] Registering handler for CallToolRequest
2026-04-21 21:31:35,890 [DEBUG] Registering handler for ListResourcesRequest
2026-04-21 21:31:35,892 [DEBUG] Registering handler for ReadResourceRequest
2026-04-21 21:31:35,893 [DEBUG] Registering handler for PromptListRequest
2026-04-21 21:31:35,895 [DEBUG] Registering handler for GetPromptRequest
2026-04-21 21:31:35,896 [DEBUG] Registering handler for ListResourceTemplatesRequest
2026-04-21 21:31:36,400 [DEBUG] PopupDismisser started.
2026-04-21 21:31:36,402 [INFO] Popup dismisser started.
2026-04-21 21:31:40,575 [INFO] Starting MCP server with stdio transport...
2026-04-21 21:31:40,680 [DEBUG] Using proactor: IocpProactor
2026-04-21 21:33:47,944 [INFO] === SOLIDWORKS MCP Server starting ===
2026-04-21 21:33:47,947 [INFO] Log file: C:\Users\gce4\Documents\solidworks-mcp\solidworks_mcp.log
2026-04-21 21:33:47,968 [DEBUG] Initializing server 'solidworks-mcp'
2026-04-21 21:33:47,970 [DEBUG] Registering handler for ListToolsRequest
2026-04-21 21:33:47,972 [DEBUG] Registering handler for CallToolRequest
2026-04-21 21:33:47,973 [DEBUG] Registering handler for ListResourcesRequest
2026-04-21 21:33:47,976 [DEBUG] Registering handler for ReadResourceRequest
2026-04-21 21:33:47,978 [DEBUG] Registering handler for PromptListRequest
2026-04-21 21:33:47,980 [DEBUG] Registering handler for GetPromptRequest
2026-04-21 21:33:47,981 [DEBUG] Registering handler for ListResourceTemplatesRequest
2026-04-21 21:33:48,338 [DEBUG] PopupDismisser started.
2026-04-21 21:33:48,342 [INFO] Popup dismisser started.
2026-04-21 21:33:51,603 [INFO] Starting MCP server with stdio transport...
2026-04-21 21:33:51,762 [DEBUG] Using proactor: IocpProactor
2026-04-21 21:33:51,973 [DEBUG] Received message: root=InitializedNotification(method='notifications/initialized', params=None, jsonrpc='2.0')
2026-04-21 21:33:51,984 [DEBUG] Received message: <mcp.shared.session.RequestResponder object at 0x0000023F26A20E10>
2026-04-21 21:33:51,988 [INFO] Processing request of type ListToolsRequest
2026-04-21 21:33:51,989 [DEBUG] Dispatching request of type ListToolsRequest
2026-04-21 21:33:51,996 [DEBUG] Response sent
2026-04-21 21:33:52,025 [DEBUG] Received message: <mcp.shared.session.RequestResponder object at 0x0000023F26A21090>
2026-04-21 21:33:52,032 [INFO] Processing request of type ListPromptsRequest
2026-04-21 21:33:52,037 [DEBUG] Dispatching request of type ListPromptsRequest
2026-04-21 21:33:52,116 [DEBUG] Response sent
2026-04-21 21:33:52,120 [DEBUG] Received message: <mcp.shared.session.RequestResponder object at 0x0000023F24975E00>
2026-04-21 21:33:52,126 [INFO] Processing request of type ListResourcesRequest
2026-04-21 21:33:52,130 [DEBUG] Dispatching request of type ListResourcesRequest
2026-04-21 21:33:52,140 [DEBUG] Listing resources
2026-04-21 21:33:52,146 [DEBUG] Response sent
2026-04-21 21:33:56,008 [INFO] Auto-dismissed: title='SOLIDWORKS' class='#32770' btn='OK'
2026-04-21 22:54:18,175 [INFO] Auto-dismissed: title='SOLIDWORKS Design' class='#32770' btn='OK'
2026-04-21 22:54:26,315 [INFO] Auto-dismissed: title='SOLIDWORKS Design' class='#32770' btn='OK'
2026-04-21 22:54:34,437 [INFO] Auto-dismissed: title='SOLIDWORKS Design' class='#32770' btn='OK'
2026-04-21 22:54:42,558 [INFO] Auto-dismissed: title='SOLIDWORKS Design' class='#32770' btn='OK'
2026-04-21 22:54:50,931 [INFO] Auto-dismissed: title='SOLIDWORKS Design' class='#32770' btn='OK'
2026-04-21 22:54:59,517 [INFO] Auto-dismissed: title='SOLIDWORKS Design' class='#32770' btn='OK'
2026-04-21 22:55:16,472 [INFO] Auto-dismissed: title='SOLIDWORKS Design' class='#32770' btn='OK'
2026-04-21 22:55:24,560 [INFO] Auto-dismissed: title='SOLIDWORKS Design' class='#32770' btn='OK'
2026-04-21 22:55:32,672 [INFO] Auto-dismissed: title='SOLIDWORKS Design' class='#32770' btn='OK'
2026-04-21 22:55:40,703 [INFO] Auto-dismissed: title='SOLIDWORKS Design' class='#32770' btn='OK'
2026-04-21 22:55:49,051 [INFO] Auto-dismissed: title='SOLIDWORKS Design' class='#32770' btn='OK'
2026-04-21 22:55:56,883 [INFO] Auto-dismissed: title='SOLIDWORKS Design' class='#32770' btn='OK'
2026-04-21 22:56:04,419 [INFO] Auto-dismissed: title='SOLIDWORKS Design' class='#32770' btn='OK'
2026-04-21 22:56:12,494 [INFO] Auto-dismissed: title='SOLIDWORKS Design' class='#32770' btn='OK'
2026-04-21 22:56:20,196 [INFO] Auto-dismissed: title='SOLIDWORKS Design' class='#32770' btn='OK'
2026-04-21 22:56:28,804 [INFO] Auto-dismissed: title='SOLIDWORKS Design' class='#32770' btn='OK'
2026-04-21 22:56:36,792 [INFO] Auto-dismissed: title='SOLIDWORKS Design' class='#32770' btn='OK'
2026-04-21 22:56:53,492 [INFO] Auto-dismissed: title='SOLIDWORKS Design' class='#32770' btn='OK'
2026-04-21 22:57:01,752 [INFO] Auto-dismissed: title='SOLIDWORKS Design' class='#32770' btn='OK'
2026-04-21 22:57:11,547 [INFO] Auto-dismissed: title='SOLIDWORKS Design' class='#32770' btn='OK'
2026-04-21 22:57:19,874 [INFO] Auto-dismissed: title='SOLIDWORKS Design' class='#32770' btn='OK'
2026-04-21 22:57:28,224 [INFO] Auto-dismissed: title='SOLIDWORKS Design' class='#32770' btn='OK'
2026-04-21 22:57:36,062 [INFO] Auto-dismissed: title='SOLIDWORKS Design' class='#32770' btn='OK'
2026-04-21 22:58:08,687 [INFO] Auto-dismissed: title='SOLIDWORKS Design' class='#32770' btn='OK'
2026-04-21 22:58:25,607 [INFO] Auto-dismissed: title='SOLIDWORKS Design' class='#32770' btn='OK'
2026-04-21 22:58:39,190 [INFO] Auto-dismissed: title='SOLIDWORKS Design' class='#32770' btn='OK'
2026-04-21 22:58:58,591 [INFO] Auto-dismissed: title='SOLIDWORKS Design' class='#32770' btn='OK'
2026-04-21 22:59:19,652 [INFO] Auto-dismissed: title='SOLIDWORKS Design' class='#32770' btn='OK'
2026-04-21 22:59:38,038 [INFO] Auto-dismissed: title='SOLIDWORKS Design' class='#32770' btn='OK'
2026-04-21 22:59:54,665 [INFO] Auto-dismissed: title='SOLIDWORKS Design' class='#32770' btn='OK'
2026-04-21 23:00:38,429 [INFO] Auto-dismissed: title='SOLIDWORKS Design' class='#32770' btn='OK'
2026-04-21 23:00:53,887 [INFO] Auto-dismissed: title='SOLIDWORKS Design' class='#32770' btn='OK'
2026-04-21 23:01:09,437 [INFO] Auto-dismissed: title='SOLIDWORKS Design' class='#32770' btn='OK'
2026-04-21 23:01:24,511 [INFO] Auto-dismissed: title='SOLIDWORKS Design' class='#32770' btn='OK'
2026-04-21 23:01:50,461 [INFO] Auto-dismissed: title='SOLIDWORKS Design' class='#32770' btn='OK'
2026-04-21 23:02:03,015 [INFO] Auto-dismissed: title='SOLIDWORKS Design' class='#32770' btn='OK'
2026-04-21 23:02:19,880 [INFO] Auto-dismissed: title='SOLIDWORKS Design' class='#32770' btn='OK'
2026-04-21 23:02:31,300 [INFO] Auto-dismissed: title='SOLIDWORKS Design' class='#32770' btn='OK'
2026-04-21 23:02:52,236 [INFO] Auto-dismissed: title='SOLIDWORKS Design' class='#32770' btn='OK'
2026-04-21 23:03:12,297 [INFO] Auto-dismissed: title='SOLIDWORKS Design' class='#32770' btn='OK'
2026-04-21 23:03:25,487 [INFO] Auto-dismissed: title='SOLIDWORKS Design' class='#32770' btn='OK'
2026-04-21 23:03:59,020 [INFO] Auto-dismissed: title='SOLIDWORKS Design' class='#32770' btn='OK'
2026-04-21 23:04:17,200 [INFO] Auto-dismissed: title='SOLIDWORKS Design' class='#32770' btn='OK'
2026-04-21 23:04:31,103 [INFO] Auto-dismissed: title='SOLIDWORKS Design' class='#32770' btn='OK'
2026-04-21 23:04:53,562 [INFO] Auto-dismissed: title='SOLIDWORKS Design' class='#32770' btn='OK'
2026-04-21 23:05:17,353 [INFO] Auto-dismissed: title='SOLIDWORKS Design' class='#32770' btn='OK'
2026-04-21 23:05:41,359 [INFO] Auto-dismissed: title='SOLIDWORKS Design' class='#32770' btn='OK'
2026-04-21 23:05:59,148 [INFO] Auto-dismissed: title='SOLIDWORKS Design' class='#32770' btn='OK'
2026-04-21 23:06:27,507 [INFO] Auto-dismissed: title='SOLIDWORKS Design' class='#32770' btn='OK'
2026-04-21 23:06:45,370 [INFO] Auto-dismissed: title='SOLIDWORKS Design' class='#32770' btn='OK'
2026-04-21 23:07:02,947 [INFO] Auto-dismissed: title='SOLIDWORKS Design' class='#32770' btn='OK'
2026-04-21 23:07:24,511 [INFO] Auto-dismissed: title='SOLIDWORKS Design' class='#32770' btn='OK'
2026-04-21 23:07:43,936 [INFO] Auto-dismissed: title='SOLIDWORKS Design' class='#32770' btn='OK'
2026-04-21 23:08:01,555 [INFO] Auto-dismissed: title='SOLIDWORKS Design' class='#32770' btn='OK'
2026-04-21 23:08:27,376 [INFO] Auto-dismissed: title='SOLIDWORKS Design' class='#32770' btn='OK'
2026-04-21 23:08:47,165 [INFO] Auto-dismissed: title='SOLIDWORKS Design' class='#32770' btn='OK'
2026-04-21 23:09:07,445 [INFO] Auto-dismissed: title='SOLIDWORKS Design' class='#32770' btn='OK'
2026-04-21 23:09:45,254 [INFO] Auto-dismissed: title='SOLIDWORKS Design' class='#32770' btn='OK'
2026-04-21 23:10:09,969 [INFO] Auto-dismissed: title='SOLIDWORKS Design' class='#32770' btn='OK'
2026-04-21 23:11:03,635 [INFO] Auto-dismissed: title='SOLIDWORKS Design' class='#32770' btn='OK'
2026-04-21 23:12:34,790 [INFO] Auto-dismissed: title='SOLIDWORKS Design' class='#32770' btn='OK'
2026-04-21 23:12:58,018 [INFO] Auto-dismissed: title='SOLIDWORKS Design' class='#32770' btn='OK'
2026-04-21 23:13:25,503 [INFO] Auto-dismissed: title='SOLIDWORKS Design' class='#32770' btn='OK'
2026-04-21 23:14:27,732 [INFO] Auto-dismissed: title='SOLIDWORKS Design' class='#32770' btn='OK'
2026-04-21 23:14:45,030 [INFO] Auto-dismissed: title='SOLIDWORKS Design' class='#32770' btn='OK'
2026-04-21 23:15:19,844 [INFO] Auto-dismissed: title='SOLIDWORKS Design' class='#32770' btn='OK'
2026-04-21 23:15:39,741 [INFO] Auto-dismissed: title='SOLIDWORKS Design' class='#32770' btn='OK'
2026-04-21 23:15:57,381 [INFO] Auto-dismissed: title='SOLIDWORKS Design' class='#32770' btn='OK'
2026-04-21 23:16:27,383 [INFO] Auto-dismissed: title='SOLIDWORKS Design' class='#32770' btn='OK'
2026-04-21 23:16:35,989 [INFO] Auto-dismissed: title='SOLIDWORKS Design' class='#32770' btn='OK'
2026-04-21 23:16:44,860 [INFO] Auto-dismissed: title='SOLIDWORKS Design' class='#32770' btn='OK'
2026-04-21 23:16:53,842 [INFO] Auto-dismissed: title='SOLIDWORKS Design' class='#32770' btn='OK'
2026-04-21 23:17:01,681 [INFO] Auto-dismissed: title='SOLIDWORKS Design' class='#32770' btn='OK'
2026-04-21 23:17:33,224 [INFO] Auto-dismissed: title='SOLIDWORKS Design' class='#32770' btn='OK'
2026-04-21 23:17:42,069 [INFO] Auto-dismissed: title='SOLIDWORKS Design' class='#32770' btn='OK'
2026-04-21 23:17:51,608 [INFO] Auto-dismissed: title='SOLIDWORKS Design' class='#32770' btn='OK'
2026-04-21 23:18:00,216 [INFO] Auto-dismissed: title='SOLIDWORKS Design' class='#32770' btn='OK'
2026-04-21 23:18:09,157 [INFO] Auto-dismissed: title='SOLIDWORKS Design' class='#32770' btn='OK'
2026-04-21 23:18:23,083 [INFO] Auto-dismissed: title='SOLIDWORKS Design' class='#32770' btn='OK'
2026-04-21 23:18:31,660 [INFO] Auto-dismissed: title='SOLIDWORKS Design' class='#32770' btn='OK'
2026-04-21 23:18:40,240 [INFO] Auto-dismissed: title='SOLIDWORKS Design' class='#32770' btn='OK'
2026-04-21 23:18:48,227 [INFO] Auto-dismissed: title='SOLIDWORKS Design' class='#32770' btn='OK'
2026-04-21 23:18:56,499 [INFO] Auto-dismissed: title='SOLIDWORKS Design' class='#32770' btn='OK'
2026-04-21 23:19:04,852 [INFO] Auto-dismissed: title='SOLIDWORKS Design' class='#32770' btn='OK'
2026-04-21 23:19:14,706 [INFO] Auto-dismissed: title='SOLIDWORKS Design' class='#32770' btn='OK'
2026-04-21 23:19:29,398 [INFO] Auto-dismissed: title='SOLIDWORKS Design' class='#32770' btn='OK'
2026-04-21 23:19:38,465 [INFO] Auto-dismissed: title='SOLIDWORKS Design' class='#32770' btn='OK'
2026-04-21 23:19:46,733 [INFO] Auto-dismissed: title='SOLIDWORKS Design' class='#32770' btn='OK'
2026-04-21 23:20:05,367 [INFO] Auto-dismissed: title='SOLIDWORKS Design' class='#32770' btn='OK'
2026-04-21 23:20:18,368 [INFO] Auto-dismissed: title='SOLIDWORKS Design' class='#32770' btn='OK'
2026-04-21 23:20:27,353 [INFO] Auto-dismissed: title='SOLIDWORKS Design' class='#32770' btn='OK'
2026-04-21 23:20:48,616 [INFO] Auto-dismissed: title='SOLIDWORKS Design' class='#32770' btn='OK'
2026-04-21 23:21:00,474 [INFO] Auto-dismissed: title='SOLIDWORKS Design' class='#32770' btn='OK'
2026-04-21 23:21:14,382 [INFO] Auto-dismissed: title='SOLIDWORKS Design' class='#32770' btn='OK'
2026-04-21 23:21:28,743 [INFO] Auto-dismissed: title='SOLIDWORKS Design' class='#32770' btn='OK'
2026-04-21 23:21:39,962 [INFO] Auto-dismissed: title='SOLIDWORKS Design' class='#32770' btn='OK'
2026-04-21 23:21:50,926 [INFO] Auto-dismissed: title='SOLIDWORKS Design' class='#32770' btn='OK'
2026-04-21 23:22:02,813 [INFO] Auto-dismissed: title='SOLIDWORKS Design' class='#32770' btn='OK'
2026-04-21 23:22:21,045 [INFO] Auto-dismissed: title='SOLIDWORKS Design' class='#32770' btn='OK'
2026-04-21 23:22:42,256 [INFO] Auto-dismissed: title='SOLIDWORKS Design' class='#32770' btn='OK'
2026-04-21 23:22:55,967 [INFO] Auto-dismissed: title='SOLIDWORKS Design' class='#32770' btn='OK'
2026-04-21 23:23:09,055 [INFO] Auto-dismissed: title='SOLIDWORKS Design' class='#32770' btn='OK'
2026-04-21 23:23:21,654 [INFO] Auto-dismissed: title='SOLIDWORKS Design' class='#32770' btn='OK'
2026-04-21 23:23:37,446 [INFO] Auto-dismissed: title='SOLIDWORKS Design' class='#32770' btn='OK'
2026-04-21 23:23:52,244 [INFO] Auto-dismissed: title='SOLIDWORKS Design' class='#32770' btn='OK'
2026-04-21 23:24:05,231 [INFO] Auto-dismissed: title='SOLIDWORKS Design' class='#32770' btn='OK'
2026-04-21 23:24:17,972 [INFO] Auto-dismissed: title='SOLIDWORKS Design' class='#32770' btn='OK'
2026-04-21 23:24:34,005 [INFO] Auto-dismissed: title='SOLIDWORKS Design' class='#32770' btn='OK'
2026-04-21 23:24:49,835 [INFO] Auto-dismissed: title='SOLIDWORKS Design' class='#32770' btn='OK'
2026-04-21 23:25:19,979 [INFO] Auto-dismissed: title='SOLIDWORKS Design' class='#32770' btn='OK'
2026-04-21 23:25:34,310 [INFO] Auto-dismissed: title='SOLIDWORKS Design' class='#32770' btn='OK'
2026-04-21 23:25:48,533 [INFO] Auto-dismissed: title='SOLIDWORKS Design' class='#32770' btn='OK'
2026-04-21 23:26:01,956 [INFO] Auto-dismissed: title='SOLIDWORKS Design' class='#32770' btn='OK'
2026-04-21 23:26:18,902 [INFO] Auto-dismissed: title='SOLIDWORKS Design' class='#32770' btn='OK'
2026-04-21 23:26:32,843 [INFO] Auto-dismissed: title='SOLIDWORKS Design' class='#32770' btn='OK'
2026-04-21 23:26:46,308 [INFO] Auto-dismissed: title='SOLIDWORKS Design' class='#32770' btn='OK'
2026-04-21 23:27:00,036 [INFO] Auto-dismissed: title='SOLIDWORKS Design' class='#32770' btn='OK'
2026-04-21 23:27:04,767 [INFO] Auto-dismissed: title='SOLIDWORKS Design' class='#32770' btn='OK'
2026-04-21 23:27:22,515 [INFO] Auto-dismissed: title='SOLIDWORKS Design' class='#32770' btn='OK'
2026-04-21 23:27:40,738 [INFO] Auto-dismissed: title='SOLIDWORKS Design' class='#32770' btn='OK'
2026-04-21 23:28:03,805 [INFO] Auto-dismissed: title='SOLIDWORKS Design' class='#32770' btn='OK'
2026-04-21 23:28:23,864 [INFO] Auto-dismissed: title='SOLIDWORKS Design' class='#32770' btn='OK'
2026-04-21 23:28:40,093 [INFO] Auto-dismissed: title='SOLIDWORKS Design' class='#32770' btn='OK'
2026-04-21 23:29:21,662 [INFO] Auto-dismissed: title='SOLIDWORKS Design' class='#32770' btn='OK'
2026-04-21 23:29:41,951 [INFO] Auto-dismissed: title='SOLIDWORKS Design' class='#32770' btn='OK'
2026-04-21 23:30:11,730 [INFO] Auto-dismissed: title='SOLIDWORKS Design' class='#32770' btn='OK'
2026-04-21 23:30:27,892 [INFO] Auto-dismissed: title='SOLIDWORKS Design' class='#32770' btn='OK'
2026-04-21 23:30:42,890 [INFO] Auto-dismissed: title='SOLIDWORKS Design' class='#32770' btn='OK'
2026-04-21 23:31:05,542 [INFO] Auto-dismissed: title='SOLIDWORKS Design' class='#32770' btn='OK'
2026-04-21 23:31:25,751 [INFO] Auto-dismissed: title='SOLIDWORKS Design' class='#32770' btn='OK'
2026-04-21 23:31:45,770 [INFO] Auto-dismissed: title='SOLIDWORKS Design' class='#32770' btn='OK'
2026-04-21 23:32:08,647 [INFO] Auto-dismissed: title='SOLIDWORKS Design' class='#32770' btn='OK'
2026-04-21 23:32:26,067 [INFO] Auto-dismissed: title='SOLIDWORKS Design' class='#32770' btn='OK'
2026-04-21 23:32:44,865 [INFO] Auto-dismissed: title='SOLIDWORKS Design' class='#32770' btn='OK'
2026-04-21 23:33:00,169 [INFO] Auto-dismissed: title='SOLIDWORKS Design' class='#32770' btn='OK'
2026-04-21 23:33:25,704 [INFO] Auto-dismissed: title='SOLIDWORKS Design' class='#32770' btn='OK'
2026-04-21 23:33:41,764 [INFO] Auto-dismissed: title='SOLIDWORKS Design' class='#32770' btn='OK'
2026-04-21 23:34:01,068 [INFO] Auto-dismissed: title='SOLIDWORKS Design' class='#32770' btn='OK'
2026-04-21 23:34:27,304 [INFO] Auto-dismissed: title='SOLIDWORKS Design' class='#32770' btn='OK'
2026-04-21 23:34:50,048 [INFO] Auto-dismissed: title='SOLIDWORKS Design' class='#32770' btn='OK'
2026-04-21 23:35:06,664 [INFO] Auto-dismissed: title='SOLIDWORKS Design' class='#32770' btn='OK'
2026-04-21 23:35:26,386 [INFO] Auto-dismissed: title='SOLIDWORKS Design' class='#32770' btn='OK'
2026-04-21 23:35:57,732 [INFO] Auto-dismissed: title='SOLIDWORKS Design' class='#32770' btn='OK'
2026-04-21 23:36:27,425 [INFO] Auto-dismissed: title='SOLIDWORKS Design' class='#32770' btn='OK'
2026-04-21 23:36:47,226 [INFO] Auto-dismissed: title='SOLIDWORKS Design' class='#32770' btn='OK'
2026-04-21 23:37:05,843 [INFO] Auto-dismissed: title='SOLIDWORKS Design' class='#32770' btn='OK'
2026-04-21 23:37:30,457 [INFO] Auto-dismissed: title='SOLIDWORKS Design' class='#32770' btn='OK'
2026-04-21 23:37:49,511 [INFO] Auto-dismissed: title='SOLIDWORKS Design' class='#32770' btn='OK'
2026-04-21 23:38:13,192 [INFO] Auto-dismissed: title='SOLIDWORKS Design' class='#32770' btn='OK'
2026-04-21 23:38:37,905 [INFO] Auto-dismissed: title='SOLIDWORKS Design' class='#32770' btn='OK'
2026-04-21 23:38:58,615 [INFO] Auto-dismissed: title='SOLIDWORKS Design' class='#32770' btn='OK'
2026-04-21 23:39:21,746 [INFO] Auto-dismissed: title='SOLIDWORKS Design' class='#32770' btn='OK'
2026-04-21 23:39:47,724 [INFO] Auto-dismissed: title='SOLIDWORKS Design' class='#32770' btn='OK'
2026-04-21 23:40:11,421 [INFO] Auto-dismissed: title='SOLIDWORKS Design' class='#32770' btn='OK'
2026-04-21 23:40:55,089 [INFO] Auto-dismissed: title='SOLIDWORKS Design' class='#32770' btn='OK'
2026-04-21 23:41:19,683 [INFO] Auto-dismissed: title='SOLIDWORKS Design' class='#32770' btn='OK'
2026-04-21 23:41:25,563 [INFO] Auto-dismissed: title='SOLIDWORKS Design' class='#32770' btn='OK'
2026-04-21 23:42:19,893 [INFO] Auto-dismissed: title='SOLIDWORKS Design' class='#32770' btn='OK'
2026-04-21 23:42:41,802 [INFO] Auto-dismissed: title='SOLIDWORKS Design' class='#32770' btn='OK'
2026-04-21 23:43:06,015 [INFO] Auto-dismissed: title='SOLIDWORKS Design' class='#32770' btn='OK'
2026-04-21 23:43:25,944 [INFO] Auto-dismissed: title='SOLIDWORKS Design' class='#32770' btn='OK'
2026-04-21 23:43:55,030 [INFO] Auto-dismissed: title='SOLIDWORKS Design' class='#32770' btn='OK'
2026-04-21 23:44:21,772 [INFO] Auto-dismissed: title='SOLIDWORKS Design' class='#32770' btn='OK'
2026-04-21 23:44:51,273 [INFO] Auto-dismissed: title='SOLIDWORKS Design' class='#32770' btn='OK'
2026-04-21 23:45:20,799 [INFO] Auto-dismissed: title='SOLIDWORKS Design' class='#32770' btn='OK'
2026-04-21 23:45:41,579 [INFO] Auto-dismissed: title='SOLIDWORKS Design' class='#32770' btn='OK'
2026-04-21 23:46:23,840 [INFO] Auto-dismissed: title='SOLIDWORKS Design' class='#32770' btn='OK'
2026-04-21 23:46:36,696 [INFO] Auto-dismissed: title='SOLIDWORKS Design' class='#32770' btn='OK'
2026-04-21 23:46:48,597 [INFO] Auto-dismissed: title='SOLIDWORKS Design' class='#32770' btn='OK'
2026-04-21 23:47:03,879 [INFO] Auto-dismissed: title='SOLIDWORKS Design' class='#32770' btn='OK'
2026-04-21 23:47:19,904 [INFO] Auto-dismissed: title='SOLIDWORKS Design' class='#32770' btn='OK'
2026-04-21 23:47:33,590 [INFO] Auto-dismissed: title='SOLIDWORKS Design' class='#32770' btn='OK'
2026-04-21 23:47:47,857 [INFO] Auto-dismissed: title='SOLIDWORKS Design' class='#32770' btn='OK'
2026-04-21 23:48:03,090 [INFO] Auto-dismissed: title='SOLIDWORKS Design' class='#32770' btn='OK'
2026-04-21 23:48:17,669 [INFO] Auto-dismissed: title='SOLIDWORKS Design' class='#32770' btn='OK'
2026-04-21 23:48:31,585 [INFO] Auto-dismissed: title='SOLIDWORKS Design' class='#32770' btn='OK'
2026-04-21 23:48:42,140 [INFO] Auto-dismissed: title='SOLIDWORKS Design' class='#32770' btn='OK'
2026-04-21 23:48:55,342 [INFO] Auto-dismissed: title='SOLIDWORKS Design' class='#32770' btn='OK'
2026-04-21 23:49:07,578 [INFO] Auto-dismissed: title='SOLIDWORKS Design' class='#32770' btn='OK'
2026-04-21 23:49:19,190 [INFO] Auto-dismissed: title='SOLIDWORKS Design' class='#32770' btn='OK'
2026-04-21 23:49:29,627 [INFO] Auto-dismissed: title='SOLIDWORKS Design' class='#32770' btn='OK'
2026-04-21 23:49:48,134 [INFO] Auto-dismissed: title='SOLIDWORKS Design' class='#32770' btn='OK'
2026-04-21 23:49:59,232 [INFO] Auto-dismissed: title='SOLIDWORKS Design' class='#32770' btn='OK'
2026-04-21 23:50:10,573 [INFO] Auto-dismissed: title='SOLIDWORKS Design' class='#32770' btn='OK'
2026-04-21 23:50:22,473 [INFO] Auto-dismissed: title='SOLIDWORKS Design' class='#32770' btn='OK'
2026-04-21 23:50:36,408 [INFO] Auto-dismissed: title='SOLIDWORKS Design' class='#32770' btn='OK'
2026-04-21 23:50:48,883 [INFO] Auto-dismissed: title='SOLIDWORKS Design' class='#32770' btn='OK'
2026-04-21 23:51:01,172 [INFO] Auto-dismissed: title='SOLIDWORKS Design' class='#32770' btn='OK'
2026-04-21 23:51:17,724 [INFO] Auto-dismissed: title='SOLIDWORKS Design' class='#32770' btn='OK'
2026-04-21 23:51:30,917 [INFO] Auto-dismissed: title='SOLIDWORKS Design' class='#32770' btn='OK'
2026-04-21 23:51:42,063 [INFO] Auto-dismissed: title='SOLIDWORKS Design' class='#32770' btn='OK'
2026-04-21 23:52:08,722 [INFO] Auto-dismissed: title='SOLIDWORKS Design' class='#32770' btn='OK'
2026-04-21 23:52:18,495 [INFO] Auto-dismissed: title='SOLIDWORKS Design' class='#32770' btn='OK'
2026-04-21 23:52:29,128 [INFO] Auto-dismissed: title='SOLIDWORKS Design' class='#32770' btn='OK'
2026-04-21 23:52:38,626 [INFO] Auto-dismissed: title='SOLIDWORKS Design' class='#32770' btn='OK'
2026-04-21 23:52:48,860 [INFO] Auto-dismissed: title='SOLIDWORKS Design' class='#32770' btn='OK'
2026-04-21 23:52:58,983 [INFO] Auto-dismissed: title='SOLIDWORKS Design' class='#32770' btn='OK'
2026-04-21 23:53:17,518 [INFO] Auto-dismissed: title='SOLIDWORKS Design' class='#32770' btn='OK'
2026-04-21 23:53:28,410 [INFO] Auto-dismissed: title='SOLIDWORKS Design' class='#32770' btn='OK'
2026-04-21 23:53:38,342 [INFO] Auto-dismissed: title='SOLIDWORKS Design' class='#32770' btn='OK'
2026-04-21 23:53:59,585 [INFO] Auto-dismissed: title='SOLIDWORKS Design' class='#32770' btn='OK'
2026-04-21 23:54:10,928 [INFO] Auto-dismissed: title='SOLIDWORKS Design' class='#32770' btn='OK'
2026-04-21 23:54:20,825 [INFO] Auto-dismissed: title='SOLIDWORKS Design' class='#32770' btn='OK'
2026-04-21 23:54:30,815 [INFO] Auto-dismissed: title='SOLIDWORKS Design' class='#32770' btn='OK'
2026-04-21 23:54:40,667 [INFO] Auto-dismissed: title='SOLIDWORKS Design' class='#32770' btn='OK'
2026-04-21 23:54:46,665 [INFO] Auto-dismissed: title='SOLIDWORKS Design' class='#32770' btn='OK'
2026-04-21 23:54:56,791 [INFO] Auto-dismissed: title='SOLIDWORKS Design' class='#32770' btn='OK'
2026-04-21 23:55:08,208 [INFO] Auto-dismissed: title='SOLIDWORKS Design' class='#32770' btn='OK'
2026-04-21 23:55:18,013 [INFO] Auto-dismissed: title='SOLIDWORKS Design' class='#32770' btn='OK'
2026-04-21 23:55:28,476 [INFO] Auto-dismissed: title='SOLIDWORKS Design' class='#32770' btn='OK'
2026-04-21 23:55:39,309 [INFO] Auto-dismissed: title='SOLIDWORKS Design' class='#32770' btn='OK'
2026-04-21 23:55:49,047 [INFO] Auto-dismissed: title='SOLIDWORKS Design' class='#32770' btn='OK'
2026-04-21 23:55:59,984 [INFO] Auto-dismissed: title='SOLIDWORKS Design' class='#32770' btn='OK'
2026-04-21 23:56:09,575 [INFO] Auto-dismissed: title='SOLIDWORKS Design' class='#32770' btn='OK'
2026-04-21 23:56:20,451 [INFO] Auto-dismissed: title='SOLIDWORKS Design' class='#32770' btn='OK'
2026-04-21 23:56:30,353 [INFO] Auto-dismissed: title='SOLIDWORKS Design' class='#32770' btn='OK'
2026-04-22 11:56:37,351 [INFO] Auto-dismissed: title='SOLIDWORKS' class='#32770' btn='OK'
2026-04-22 20:55:26,073 [INFO] Auto-dismissed: title='SOLIDWORKS Design' class='#32770' btn='OK'
2026-04-22 20:56:04,764 [INFO] Auto-dismissed: title='SOLIDWORKS Design' class='#32770' btn='OK'
2026-04-22 20:56:05,001 [INFO] Auto-dismissed: title='SOLIDWORKS Design' class='#32770' btn='OK'
2026-04-22 20:57:00,158 [INFO] Auto-dismissed: title='SOLIDWORKS Design' class='#32770' btn='OK'
2026-04-22 20:57:00,363 [INFO] Auto-dismissed: title='SOLIDWORKS Design' class='#32770' btn='OK'
2026-04-22 20:57:53,390 [INFO] Auto-dismissed: title='SOLIDWORKS Design' class='#32770' btn='OK'
2026-04-22 20:57:53,830 [INFO] Auto-dismissed: title='SOLIDWORKS Design' class='#32770' btn='OK'
2026-04-22 20:58:53,067 [INFO] Auto-dismissed: title='SOLIDWORKS Design' class='#32770' btn='OK'
2026-04-22 20:58:53,279 [INFO] Auto-dismissed: title='SOLIDWORKS Design' class='#32770' btn='OK'
2026-04-22 20:58:53,736 [INFO] Auto-dismissed: title='SOLIDWORKS Design' class='#32770' btn='OK'
2026-04-22 20:59:56,067 [INFO] Auto-dismissed: title='SOLIDWORKS Design' class='#32770' btn='OK'
2026-04-22 20:59:56,497 [INFO] Auto-dismissed: title='SOLIDWORKS Design' class='#32770' btn='OK'
2026-04-22 21:00:57,743 [INFO] Auto-dismissed: title='SOLIDWORKS Design' class='#32770' btn='OK'
2026-04-22 21:00:58,010 [INFO] Auto-dismissed: title='SOLIDWORKS Design' class='#32770' btn='OK'
2026-04-22 21:01:56,148 [INFO] Auto-dismissed: title='SOLIDWORKS Design' class='#32770' btn='OK'
2026-04-22 21:01:56,669 [INFO] Auto-dismissed: title='SOLIDWORKS Design' class='#32770' btn='OK'
2026-04-22 21:02:54,067 [INFO] Auto-dismissed: title='SOLIDWORKS Design' class='#32770' btn='OK'
2026-04-22 21:02:54,283 [INFO] Auto-dismissed: title='SOLIDWORKS Design' class='#32770' btn='OK'
2026-04-22 21:03:47,440 [INFO] Auto-dismissed: title='SOLIDWORKS Design' class='#32770' btn='OK'
2026-04-22 21:03:47,987 [INFO] Auto-dismissed: title='SOLIDWORKS Design' class='#32770' btn='OK'
2026-04-22 21:04:38,578 [INFO] Auto-dismissed: title='' class='#32770' btn='OK'
2026-04-22 21:05:30,564 [INFO] Auto-dismissed: title='SOLIDWORKS Design' class='#32770' btn='OK'
2026-04-22 21:06:13,286 [INFO] Auto-dismissed: title='SOLIDWORKS Design' class='#32770' btn='OK'
2026-04-22 21:06:13,490 [INFO] Auto-dismissed: title='SOLIDWORKS Design' class='#32770' btn='OK'
2026-04-22 21:07:29,556 [INFO] Auto-dismissed: title='SOLIDWORKS Design' class='#32770' btn='OK'
2026-04-22 21:07:29,889 [INFO] Auto-dismissed: title='SOLIDWORKS Design' class='#32770' btn='OK'
2026-04-22 21:09:53,223 [INFO] Auto-dismissed: title='SOLIDWORKS Design' class='#32770' btn='OK'
2026-04-22 21:09:53,498 [INFO] Auto-dismissed: title='SOLIDWORKS Design' class='#32770' btn='OK'
2026-04-22 21:10:41,504 [INFO] Auto-dismissed: title='SOLIDWORKS Design' class='#32770' btn='OK'
2026-04-22 21:10:41,943 [INFO] Auto-dismissed: title='SOLIDWORKS Design' class='#32770' btn='OK'
2026-04-22 21:12:11,831 [INFO] Auto-dismissed: title='SOLIDWORKS Design' class='#32770' btn='OK'
2026-04-22 21:12:12,094 [INFO] Auto-dismissed: title='SOLIDWORKS Design' class='#32770' btn='OK'
2026-04-22 21:13:45,308 [INFO] Auto-dismissed: title='SOLIDWORKS Design' class='#32770' btn='OK'
2026-04-22 21:13:45,609 [INFO] Auto-dismissed: title='SOLIDWORKS Design' class='#32770' btn='OK'
2026-04-22 21:14:28,215 [INFO] Auto-dismissed: title='SOLIDWORKS Design' class='#32770' btn='OK'
2026-04-22 21:14:28,455 [INFO] Auto-dismissed: title='SOLIDWORKS Design' class='#32770' btn='OK'
2026-04-22 21:15:17,395 [INFO] Auto-dismissed: title='SOLIDWORKS Design' class='#32770' btn='OK'
2026-04-22 23:56:50,267 [INFO] === SOLIDWORKS MCP Server starting ===
2026-04-22 23:56:50,277 [INFO] Log file: C:\Users\gce4\Documents\solidworks-mcp\solidworks_mcp.log
2026-04-22 23:56:50,315 [DEBUG] Initializing server 'solidworks-mcp'
2026-04-22 23:56:50,318 [DEBUG] Registering handler for ListToolsRequest
2026-04-22 23:56:50,321 [DEBUG] Registering handler for CallToolRequest
2026-04-22 23:56:50,323 [DEBUG] Registering handler for ListResourcesRequest
2026-04-22 23:56:50,327 [DEBUG] Registering handler for ReadResourceRequest
2026-04-22 23:56:50,328 [DEBUG] Registering handler for PromptListRequest
2026-04-22 23:56:50,331 [DEBUG] Registering handler for GetPromptRequest
2026-04-22 23:56:50,333 [DEBUG] Registering handler for ListResourceTemplatesRequest
2026-04-22 23:56:50,701 [DEBUG] PopupDismisser started.
2026-04-22 23:56:50,704 [INFO] Popup dismisser started.
2026-04-22 23:56:53,980 [INFO] Starting MCP server with stdio transport...
2026-04-22 23:56:54,145 [DEBUG] Using proactor: IocpProactor
2026-04-22 23:56:54,314 [DEBUG] Received message: root=InitializedNotification(method='notifications/initialized', params=None, jsonrpc='2.0')
2026-04-22 23:56:54,326 [DEBUG] Received message: <mcp.shared.session.RequestResponder object at 0x000001C0E352CE10>
2026-04-22 23:56:54,331 [INFO] Processing request of type ListToolsRequest
2026-04-22 23:56:54,333 [DEBUG] Dispatching request of type ListToolsRequest
2026-04-22 23:56:54,338 [DEBUG] Response sent
2026-04-22 23:56:54,344 [DEBUG] Received message: <mcp.shared.session.RequestResponder object at 0x000001C0E352CF50>
2026-04-22 23:56:54,346 [INFO] Processing request of type ListPromptsRequest
2026-04-22 23:56:54,347 [DEBUG] Dispatching request of type ListPromptsRequest
2026-04-22 23:56:54,354 [DEBUG] Received message: <mcp.shared.session.RequestResponder object at 0x000001C0E14895B0>
2026-04-22 23:56:54,357 [INFO] Processing request of type ListResourcesRequest
2026-04-22 23:56:54,359 [DEBUG] Dispatching request of type ListResourcesRequest
2026-04-22 23:56:54,360 [DEBUG] Listing resources
2026-04-22 23:56:54,364 [DEBUG] Response sent
2026-04-22 23:56:54,379 [DEBUG] Response sent
2026-04-22 23:58:24,775 [INFO] === SOLIDWORKS MCP Server starting ===
2026-04-22 23:58:24,777 [INFO] Log file: C:\Users\gce4\Documents\solidworks-mcp\solidworks_mcp.log
2026-04-22 23:58:24,791 [DEBUG] Initializing server 'solidworks-mcp'
2026-04-22 23:58:24,792 [DEBUG] Registering handler for ListToolsRequest
2026-04-22 23:58:24,794 [DEBUG] Registering handler for CallToolRequest
2026-04-22 23:58:24,795 [DEBUG] Registering handler for ListResourcesRequest
2026-04-22 23:58:24,797 [DEBUG] Registering handler for ReadResourceRequest
2026-04-22 23:58:24,798 [DEBUG] Registering handler for PromptListRequest
2026-04-22 23:58:24,801 [DEBUG] Registering handler for GetPromptRequest
2026-04-22 23:58:24,802 [DEBUG] Registering handler for ListResourceTemplatesRequest
2026-04-22 23:58:25,051 [DEBUG] PopupDismisser started.
2026-04-22 23:58:25,053 [INFO] Popup dismisser started.
2026-04-22 23:58:26,404 [INFO] Starting MCP server with stdio transport...
2026-04-22 23:58:26,461 [DEBUG] Using proactor: IocpProactor
2026-04-22 23:58:26,545 [DEBUG] Received message: root=InitializedNotification(method='notifications/initialized', params=None, jsonrpc='2.0')
2026-04-22 23:58:26,548 [DEBUG] Received message: <mcp.shared.session.RequestResponder object at 0x00000260BBFCCE10>
2026-04-22 23:58:26,550 [INFO] Processing request of type ListToolsRequest
2026-04-22 23:58:26,550 [DEBUG] Dispatching request of type ListToolsRequest
2026-04-22 23:58:26,552 [DEBUG] Response sent
2026-04-24 23:08:38,369 [INFO] === SOLIDWORKS MCP Server starting ===
2026-04-24 23:08:38,370 [INFO] Log file: C:\Users\gce4\Documents\solidworks-mcp\solidworks_mcp.log
2026-04-24 23:08:38,375 [DEBUG] Initializing server 'solidworks-mcp'
2026-04-24 23:08:38,375 [DEBUG] Registering handler for ListToolsRequest
2026-04-24 23:08:38,375 [DEBUG] Registering handler for CallToolRequest
2026-04-24 23:08:38,376 [DEBUG] Registering handler for ListResourcesRequest
2026-04-24 23:08:38,376 [DEBUG] Registering handler for ReadResourceRequest
2026-04-24 23:08:38,376 [DEBUG] Registering handler for PromptListRequest
2026-04-24 23:08:38,376 [DEBUG] Registering handler for GetPromptRequest
2026-04-24 23:08:38,376 [DEBUG] Registering handler for ListResourceTemplatesRequest
2026-04-24 23:08:38,527 [DEBUG] PopupDismisser started.
2026-04-24 23:08:38,527 [INFO] Popup dismisser started.
2026-04-24 23:08:38,923 [INFO] Starting MCP server with stdio transport...
2026-04-24 23:08:38,933 [DEBUG] Using proactor: IocpProactor
2026-04-24 23:08:38,947 [DEBUG] Received message: root=InitializedNotification(method='notifications/initialized', params=None, jsonrpc='2.0')
2026-04-24 23:08:38,949 [DEBUG] Received message: <mcp.shared.session.RequestResponder object at 0x0000027C7FBDCE10>
2026-04-24 23:08:38,950 [INFO] Processing request of type ListToolsRequest
2026-04-24 23:08:38,950 [DEBUG] Dispatching request of type ListToolsRequest
2026-04-24 23:08:38,951 [DEBUG] Response sent
2026-04-24 23:08:38,952 [DEBUG] Received message: <mcp.shared.session.RequestResponder object at 0x0000027C7FBDCF50>
2026-04-24 23:08:38,952 [INFO] Processing request of type ListPromptsRequest
2026-04-24 23:08:38,953 [DEBUG] Dispatching request of type ListPromptsRequest
2026-04-24 23:08:38,953 [DEBUG] Received message: <mcp.shared.session.RequestResponder object at 0x0000027C7FB395B0>
2026-04-24 23:08:38,954 [INFO] Processing request of type ListResourcesRequest
2026-04-24 23:08:38,954 [DEBUG] Dispatching request of type ListResourcesRequest
2026-04-24 23:08:38,954 [DEBUG] Listing resources
2026-04-24 23:08:38,955 [DEBUG] Response sent
2026-04-24 23:08:38,956 [DEBUG] Response sent
2026-05-01 21:41:15,103 [INFO] Auto-dismissed: title='SOLIDWORKS Design' class='#32770' btn='OK'
2026-05-01 21:41:33,325 [INFO] Auto-dismissed: title='SOLIDWORKS Design' class='#32770' btn='OK'
2026-05-01 21:42:01,460 [INFO] Auto-dismissed: title='SOLIDWORKS Design' class='#32770' btn='OK'
2026-05-01 21:42:53,901 [INFO] Auto-dismissed: title='SOLIDWORKS Design' class='#32770' btn='OK'
2026-05-01 21:43:15,582 [INFO] Auto-dismissed: title='SOLIDWORKS Design' class='#32770' btn='OK'
2026-05-01 21:43:35,186 [INFO] Auto-dismissed: title='SOLIDWORKS Design' class='#32770' btn='OK'
2026-05-01 21:44:01,520 [INFO] Auto-dismissed: title='SOLIDWORKS Design' class='#32770' btn='OK'
2026-05-01 21:44:21,828 [INFO] Auto-dismissed: title='SOLIDWORKS Design' class='#32770' btn='OK'
2026-05-01 21:44:46,636 [INFO] Auto-dismissed: title='SOLIDWORKS Design' class='#32770' btn='OK'
2026-05-01 21:45:13,438 [INFO] Auto-dismissed: title='SOLIDWORKS Design' class='#32770' btn='OK'
2026-05-01 21:45:34,633 [INFO] Auto-dismissed: title='SOLIDWORKS Design' class='#32770' btn='OK'
2026-05-01 21:45:57,815 [INFO] Auto-dismissed: title='SOLIDWORKS Design' class='#32770' btn='OK'
2026-05-01 21:46:17,179 [INFO] Auto-dismissed: title='SOLIDWORKS Design' class='#32770' btn='OK'
2026-05-01 21:46:41,970 [INFO] Auto-dismissed: title='SOLIDWORKS Design' class='#32770' btn='OK'
2026-05-01 21:47:12,624 [INFO] Auto-dismissed: title='SOLIDWORKS Design' class='#32770' btn='OK'
2026-05-01 21:47:34,216 [INFO] Auto-dismissed: title='SOLIDWORKS Design' class='#32770' btn='OK'
2026-05-01 21:47:54,566 [INFO] Auto-dismissed: title='SOLIDWORKS Design' class='#32770' btn='OK'
2026-05-01 21:48:20,951 [INFO] Auto-dismissed: title='SOLIDWORKS Design' class='#32770' btn='OK'
2026-05-01 21:48:43,482 [INFO] Auto-dismissed: title='SOLIDWORKS Design' class='#32770' btn='OK'
2026-05-01 21:49:11,387 [INFO] Auto-dismissed: title='SOLIDWORKS Design' class='#32770' btn='OK'
2026-05-01 21:49:34,033 [INFO] Auto-dismissed: title='SOLIDWORKS Design' class='#32770' btn='OK'
2026-05-01 21:49:52,750 [INFO] Auto-dismissed: title='SOLIDWORKS Design' class='#32770' btn='OK'
2026-05-01 21:50:23,702 [INFO] Auto-dismissed: title='SOLIDWORKS Design' class='#32770' btn='OK'
2026-05-01 21:50:47,422 [INFO] Auto-dismissed: title='SOLIDWORKS Design' class='#32770' btn='OK'
2026-05-03 17:54:27,187 [INFO] === SOLIDWORKS MCP Server starting ===
2026-05-03 17:54:27,191 [INFO] Log file: C:\Users\gce4\Documents\solidworks-mcp\solidworks_mcp.log
2026-05-03 17:54:27,206 [DEBUG] Initializing server 'solidworks-mcp'
2026-05-03 17:54:27,208 [DEBUG] Registering handler for ListToolsRequest
2026-05-03 17:54:27,211 [DEBUG] Registering handler for CallToolRequest
2026-05-03 17:54:27,212 [DEBUG] Registering handler for ListResourcesRequest
2026-05-03 17:54:27,213 [DEBUG] Registering handler for ReadResourceRequest
2026-05-03 17:54:27,215 [DEBUG] Registering handler for PromptListRequest
2026-05-03 17:54:27,216 [DEBUG] Registering handler for GetPromptRequest
2026-05-03 17:54:27,217 [DEBUG] Registering handler for ListResourceTemplatesRequest
2026-05-03 17:54:27,565 [DEBUG] PopupDismisser started.
2026-05-03 17:54:27,566 [INFO] Popup dismisser started.
2026-05-03 17:54:29,728 [INFO] Starting MCP server with stdio transport...
2026-05-03 17:54:29,775 [DEBUG] Using proactor: IocpProactor
2026-05-03 17:54:30,356 [DEBUG] Received message: root=InitializedNotification(method='notifications/initialized', params=None, jsonrpc='2.0')
2026-05-03 17:54:30,360 [DEBUG] Received message: <mcp.shared.session.RequestResponder object at 0x00000194C5E9CE10>
2026-05-03 17:54:30,362 [INFO] Processing request of type ListToolsRequest
2026-05-03 17:54:30,363 [DEBUG] Dispatching request of type ListToolsRequest
2026-05-03 17:54:30,365 [DEBUG] Response sent
2026-05-03 17:54:30,368 [DEBUG] Received message: <mcp.shared.session.RequestResponder object at 0x00000194C5E9CF50>
2026-05-03 17:54:30,369 [INFO] Processing request of type ListPromptsRequest
2026-05-03 17:54:30,369 [DEBUG] Dispatching request of type ListPromptsRequest
2026-05-03 17:54:30,371 [DEBUG] Received message: <mcp.shared.session.RequestResponder object at 0x00000194C3DF95B0>
2026-05-03 17:54:30,372 [INFO] Processing request of type ListResourcesRequest
2026-05-03 17:54:30,373 [DEBUG] Dispatching request of type ListResourcesRequest
2026-05-03 17:54:30,373 [DEBUG] Listing resources
2026-05-03 17:54:30,375 [DEBUG] Response sent
2026-05-03 17:54:30,378 [DEBUG] Response sent
2026-05-17 15:15:15,125 [INFO] === SOLIDWORKS MCP Server starting ===
2026-05-17 15:15:15,126 [INFO] Log file: C:\Users\gce4\Documents\solidworks-mcp\solidworks_mcp.log
2026-05-17 15:15:15,137 [DEBUG] Initializing server 'solidworks-mcp'
2026-05-17 15:15:15,138 [DEBUG] Registering handler for ListToolsRequest
2026-05-17 15:15:15,140 [DEBUG] Registering handler for CallToolRequest
2026-05-17 15:15:15,141 [DEBUG] Registering handler for ListResourcesRequest
2026-05-17 15:15:15,142 [DEBUG] Registering handler for ReadResourceRequest
2026-05-17 15:15:15,143 [DEBUG] Registering handler for PromptListRequest
2026-05-17 15:15:15,144 [DEBUG] Registering handler for GetPromptRequest
2026-05-17 15:15:15,144 [DEBUG] Registering handler for ListResourceTemplatesRequest
2026-05-17 15:15:15,350 [DEBUG] PopupDismisser started.
2026-05-17 15:15:15,351 [INFO] Popup dismisser started.
2026-05-17 15:15:16,903 [INFO] Starting MCP server with stdio transport...
2026-05-17 15:15:16,937 [DEBUG] Using proactor: IocpProactor
2026-05-17 15:15:17,299 [DEBUG] Received message: root=InitializedNotification(method='notifications/initialized', params=None, jsonrpc='2.0')
2026-05-17 15:15:17,302 [DEBUG] Received message: <mcp.shared.session.RequestResponder object at 0x0000021B377C0E10>
2026-05-17 15:15:17,303 [INFO] Processing request of type ListToolsRequest
2026-05-17 15:15:17,305 [DEBUG] Dispatching request of type ListToolsRequest
2026-05-17 15:15:17,307 [DEBUG] Response sent
2026-05-17 15:15:17,309 [DEBUG] Received message: <mcp.shared.session.RequestResponder object at 0x0000021B377C0F50>
2026-05-17 15:15:17,310 [INFO] Processing request of type ListPromptsRequest
2026-05-17 15:15:17,310 [DEBUG] Dispatching request of type ListPromptsRequest
2026-05-17 15:15:17,312 [DEBUG] Received message: <mcp.shared.session.RequestResponder object at 0x0000021B357195B0>
2026-05-17 15:15:17,313 [INFO] Processing request of type ListResourcesRequest
2026-05-17 15:15:17,316 [DEBUG] Dispatching request of type ListResourcesRequest
2026-05-17 15:15:17,317 [DEBUG] Listing resources
2026-05-17 15:15:17,321 [DEBUG] Response sent
2026-05-17 15:15:17,323 [DEBUG] Response sent
